"wheelName","dumpster","month","year","date","weightTons","volumeYards3","plasticBottles","foamContainers","cigButts","glassBottles","plasticBags","wrappers","sportsBalls","homesPowered"
"Mr. Trash Wheel",1,"May",2014,"2014-05-16",4.31,18,1450,1820,126000,72,584,1162,7.199999999999999,0
"Mr. Trash Wheel",2,"May",2014,"2014-05-16",2.74,13,1120,1030,91000,42,496,874,5.2,0
"Mr. Trash Wheel",3,"May",2014,"2014-05-16",3.45,15,2450,3100,105000,50,1080,2032,6,0
"Mr. Trash Wheel",4,"May",2014,"2014-05-17",3.1,15,2380,2730,100000,52,896,1971,6,0
"Mr. Trash Wheel",5,"May",2014,"2014-05-17",4.06,18,980,870,120000,72,368,753,7.199999999999999,0
"Mr. Trash Wheel",6,"May",2014,"2014-05-20",2.71,13,1430,2140,90000,46,672,1144,5.2,0
"Mr. Trash Wheel",7,"May",2014,"2014-05-21",1.91,8,910,1090,56000,32,416,692,3.2,0
"Mr. Trash Wheel",8,"May",2014,"2014-05-28",3.7,16,3580,4310,112000,58,1552,3015,6.4,0
"Mr. Trash Wheel",9,"June",2014,"2014-06-05",2.52,14,2400,2790,98000,49,984,1988,5.6,0
"Mr. Trash Wheel",10,"June",2014,"2014-06-11",3.76,18,1340,1730,130000,75,448,1066,7.199999999999999,0
"Mr. Trash Wheel",11,"June",2014,"2014-06-11",3.43,15,740,869,110000,38,344,544,6,0
"Mr. Trash Wheel",12,"June",2014,"2014-06-12",4.17,19,950,1140,133000,45,520,727,7.6,0
"Mr. Trash Wheel",13,"June",2014,"2014-06-13",5.13,15,530,630,104000,58,224,361,6,0
"Mr. Trash Wheel",14,"June",2014,"2014-06-13",4.17,15,840,760,100000,62,344,631,6,0
"Mr. Trash Wheel",15,"June",2014,"2014-06-19",3.28,15,1130,1350,102000,64,432,883,6,0
"Mr. Trash Wheel",16,"June",2014,"2014-06-19",3.05,15,1640,2130,106000,56,752,1327,6,0
"Mr. Trash Wheel",17,"June",2014,"2014-06-28",2.49,13,1350,1620,89000,47,696,1075,5.2,0
"Mr. Trash Wheel",18,"July",2014,"2014-07-03",2.54,15,1640,1960,108000,65,744,1327,6,0
"Mr. Trash Wheel",19,"July",2014,"2014-07-07",2.41,15,1730,2100,107000,63,896,1405,6,0
"Mr. Trash Wheel",20,"July",2014,"2014-07-11",3.83,18,5960,6540,132000,79,2560,5085,7.199999999999999,0
"Mr. Trash Wheel",21,"July",2014,"2014-07-14",2.73,15,2170,2620,112000,32,1144,1788,6,0
"Mr. Trash Wheel",22,"July",2014,"2014-07-15",4.4,16,1930,2210,115000,53,688,1579,6.4,0
"Mr. Trash Wheel",23,"July",2014,"2014-07-15",2.79,14,3200,3840,98000,25,1464,2684,5.6,0
"Mr. Trash Wheel",24,"July",2014,"2014-07-25",2.5,13,2500,3040,85000,18,1248,2075,5.2,0
"Mr. Trash Wheel",25,"August",2014,"2014-08-04",4.39,16,2140,2050,118000,68,904,1762,6.4,0
"Mr. Trash Wheel",26,"August",2014,"2014-08-04",5.33,17,1630,1950,123000,75,512,1318,6.8,0
"Mr. Trash Wheel",27,"August",2014,"2014-08-13",3.58,20,3640,4360,141000,82,1560,3067,8,0
"Mr. Trash Wheel",28,"August",2014,"2014-08-13",3.1,17,1430,1870,121000,63,552,1144,6.8,0
"Mr. Trash Wheel",29,"August",2014,"2014-08-19",1.77,10,570,780,32000,21,310,1440,4,0
"Mr. Trash Wheel",30,"September",2014,"2014-09-03",3.76,18,4800,3640,310000,110,1880,2200,7.199999999999999,0
"Mr. Trash Wheel",31,"September",2014,"2014-09-24",1.24,8,550,860,18000,11,420,1040,3.2,0
"Mr. Trash Wheel",32,"September",2014,"2014-09-26",3.14,15,2240,2880,112000,42,1200,1860,6,0
"Mr. Trash Wheel",33,"October",2014,"2014-10-03",2.71,16,4220,4840,84000,38,1400,2140,6.4,0
"Mr. Trash Wheel",34,"October",2014,"2014-10-09",2.11,14,1400,1650,80000,18,1450,2030,5.6,0
"Mr. Trash Wheel",35,"October",2014,"2014-10-20",4.09,18,2820,3010,78000,7,990,1450,7.199999999999999,0
"Mr. Trash Wheel",36,"October",2014,"2014-10-20",2.31,14,1900,2240,81000,22,840,1260,5.6,0
"Mr. Trash Wheel",37,"October",2014,"2014-10-24",3.5,15,3650,3880,94000,51,1210,1840,6,0
"Mr. Trash Wheel",38,"November",2014,"2014-11-06",2.7,15,760,1680,22000,18,960,1720,6,0
"Mr. Trash Wheel",39,"November",2014,"2014-11-17",3.25,18,1250,2730,46000,28,1130,2340,7.199999999999999,0
"Mr. Trash Wheel",40,"November",2014,"2014-11-20",3.84,15,880,1840,35000,14,730,1760,6,0
"Mr. Trash Wheel",41,"November",2014,"2014-11-28",2.88,15,1800,3970,52000,32,560,1850,6,0
"Mr. Trash Wheel",42,"December",2014,"2014-12-01",1.81,17,1370,3140,38000,28,950,1620,6.8,0
"Mr. Trash Wheel",43,"December",2014,"2014-12-17",3.48,15,550,1450,22000,34,740,1280,6,0
"Mr. Trash Wheel",44,"December",2014,"2014-12-30",3.18,15,640,1670,26000,42,880,1540,6,0
"Mr. Trash Wheel",45,"January",2014,"2015-01-12",2.87,17,1160,2250,31000,60,1120,2450,7,0
"Mr. Trash Wheel",46,"January",2014,"2015-01-23",2,14,1570,2400,33000,37,380,910,6,0
"Mr. Trash Wheel",47,"January",2014,"2015-01-26",2.14,13,1340,2650,28000,46,430,1170,5,0
"Mr. Trash Wheel",48,"February",2014,"2015-02-04",2.54,15,1740,2250,22000,38,320,980,3,42.333333333333336
"Mr. Trash Wheel",49,"March",2014,"2015-03-09",3.82,18,2870,3240,25000,26,540,860,8,63.666666666666664
"Mr. Trash Wheel",50,"March",2014,"2015-03-13",1.83,15,3120,5430,32000,54,650,1120,16,30.5
"Mr. Trash Wheel",51,"March",2014,"2015-03-27",2.02,15,2780,4980,26000,47,470,960,14,33.666666666666664
"Mr. Trash Wheel",52,"April",2014,"2015-04-08",2.5,18,2240,2360,27000,46,270,840,13,41.666666666666664
"Mr. Trash Wheel",53,"April",2014,"2015-04-10",3.41,15,2550,3420,32000,32,320,1260,16,56.833333333333336
"Mr. Trash Wheel",54,"April",2014,"2015-04-19",1.83,11,1470,1840,18000,22,240,680,8,30.5
"Mr. Trash Wheel",55,"April",2014,"2015-04-20",3.84,18,1240,1630,23000,18,430,760,5,64
"Mr. Trash Wheel",56,"April",2014,"2015-04-20",3.22,15,1150,1420,19000,16,370,590,8,53.666666666666664
"Mr. Trash Wheel",57,"April",2014,"2015-04-20",3.03,15,2850,3160,18000,15,350,610,11,0
"Mr. Trash Wheel",58,"April",2014,"2015-04-20",2.64,18,960,1280,22000,22,450,820,7,0
"Mr. Trash Wheel",59,"April",2014,"2015-04-20",3.54,15,870,1140,18000,17,330,620,6,59
"Mr. Trash Wheel",60,"May",2014,"2015-05-15",1.95,9,1340,2150,22000,16,190,530,8,32.5
"Mr. Trash Wheel",61,"May",2014,"2015-05-17",4.25,18,2630,3480,38000,36,1240,1760,22,70.83333333333333
"Mr. Trash Wheel",62,"May",2014,"2015-05-17",5.62,15,1850,3270,54000,44,970,1320,28,93.66666666666667
"Mr. Trash Wheel",63,"May",2014,"2015-05-18",3.81,15,2830,3780,48000,28,650,1130,19,63.5
"Mr. Trash Wheel",64,"May",2014,"2015-05-19",3.45,18,1740,2630,32000,16,820,1250,32,57.5
"Mr. Trash Wheel",65,"May",2014,"2015-05-19",3.34,15,2780,3250,37000,32,1140,1960,24,55.666666666666664
"Mr. Trash Wheel",66,"June",2014,"2015-06-01",2.54,15,1260,1830,56000,56,1230,2140,26,42.333333333333336
"Mr. Trash Wheel",67,"June",2014,"2015-06-09",4.66,18,2340,3460,48000,42,1620,1840,36,77.66666666666667
"Mr. Trash Wheel",68,"June",2014,"2015-06-09",3.39,15,3240,4360,33000,23,1430,1760,24,56.5
"Mr. Trash Wheel",69,"June",2014,"2015-06-09",3.17,15,940,1220,35000,18,840,960,9,52.833333333333336
"Mr. Trash Wheel",70,"June",2014,"2015-06-09",3.15,18,830,1150,37000,26,920,1050,16,52.5
"Mr. Trash Wheel",71,"June",2014,"2015-06-09",3.83,15,960,1190,33000,22,730,940,22,0
"Mr. Trash Wheel",72,"June",2014,"2015-06-10",4.78,15,870,1040,32000,24,820,960,17,79.66666666666667
"Mr. Trash Wheel",73,"June",2014,"2015-06-10",3.85,18,920,1290,34000,26,930,1020,13,0
"Mr. Trash Wheel",74,"June",2014,"2015-06-10",4.48,15,1130,1370,38000,29,1270,1450,14,0
"Mr. Trash Wheel",75,"June",2014,"2015-06-10",4.18,15,1060,1250,37000,27,1340,1420,21,0
"Mr. Trash Wheel",76,"June",2014,"2015-06-10",3.38,18,740,930,34000,19,1130,1340,15,0
"Mr. Trash Wheel",77,"June",2014,"2015-06-10",3.83,15,950,1220,35000,21,1370,1430,13,0
"Mr. Trash Wheel",78,"June",2014,"2015-06-12",3.95,15,2340,3250,65000,45,2730,3340,18,0
"Mr. Trash Wheel",79,"June",2014,"2015-06-15",2.44,18,2660,3420,72000,37,2430,3170,16,40.666666666666664
"Mr. Trash Wheel",80,"June",2014,"2015-06-18",2.85,15,2430,3120,68000,35,2370,2820,22,47.5
"Mr. Trash Wheel",81,"June",2014,"2015-06-24",3.43,15,2690,3370,82000,29,1910,2180,32,57.166666666666664
"Mr. Trash Wheel",82,"June",2014,"2015-06-24",4.28,18,1540,1780,45000,24,1830,1990,18,71.33333333333333
"Mr. Trash Wheel",83,"June",2014,"2015-06-24",3.94,15,1240,1450,37000,31,1650,1780,21,65.66666666666667
"Mr. Trash Wheel",84,"June",2014,"2015-06-28",3.38,15,2870,3560,68000,36,2140,2450,34,56.333333333333336
"Mr. Trash Wheel",85,"June",2014,"2015-06-28",3.45,18,2450,3240,74000,41,2320,2750,19,57.5
"Mr. Trash Wheel",86,"June",2014,"2015-06-29",3.93,15,1830,2240,36000,28,1630,2450,14,65.5
"Mr. Trash Wheel",87,"July",2014,"2015-07-07",4.07,15,2360,3120,82000,32,1840,2950,22,67.83333333333334
"Mr. Trash Wheel",88,"July",2014,"2015-07-08",3.03,18,2640,3520,68000,28,1460,2630,16,50.5
"Mr. Trash Wheel",89,"July",2014,"2015-07-14",3.52,15,2840,3360,65000,41,1690,2580,25,58.666666666666664
"Mr. Trash Wheel",90,"July",2014,"2015-07-14",3.51,15,2640,3120,76000,38,2130,2760,27,58.5
"Mr. Trash Wheel",91,"July",2014,"2015-07-27",3.68,18,3070,4250,82000,26,1770,2540,18,61.333333333333336
"Mr. Trash Wheel",92,"July",2014,"2015-07-29",3.4,15,2820,3740,75000,31,2400,2940,20,56.666666666666664
"Mr. Trash Wheel",93,"August",2014,"2015-08-04",3.72,15,2640,3250,68000,26,1860,2730,17,62
"Mr. Trash Wheel",94,"August",2014,"2015-08-18",1.84,9,870,980,34000,13,750,930,56,30.666666666666668
"Mr. Trash Wheel",95,"August",2014,"2015-08-21",3,15,3220,3460,67000,36,2170,2450,32,50
"Mr. Trash Wheel",96,"August",2014,"2015-08-25",4.33,18,1980,2190,48000,21,1600,1840,22,72.16666666666667
"Mr. Trash Wheel",97,"August",2014,"2015-08-25",4.3,15,410,540,3000,16,250,330,6,0
"Mr. Trash Wheel",98,"August",2014,"2015-08-26",3.39,15,640,780,32000,18,350,560,3,0
"Mr. Trash Wheel",99,"September",2014,"2015-09-11",4.08,18,2730,3140,54000,45,2430,2680,17,0
"Mr. Trash Wheel",100,"September",2014,"2015-09-11",3.62,15,1360,1570,26000,25,1420,1570,13,0
"Mr. Trash Wheel",101,"September",2014,"2015-09-22",2.4,7,760,1030,24000,16,780,1340,12,0
"Mr. Trash Wheel",102,"September",2014,"2015-09-30",4.24,18,1240,1460,46000,43,860,920,7,0
"Mr. Trash Wheel",103,"September",2014,"2015-09-30",3.31,15,800,920,32000,26,270,450,8,55.166666666666664
"Mr. Trash Wheel",104,"October",2014,"2015-10-12",2.9,15,2540,2780,42000,54,2230,3140,16,0
"Mr. Trash Wheel",105,"October",2014,"2015-10-27",2.46,18,2130,2560,34000,43,1970,2430,23,41
"Mr. Trash Wheel",106,"October",2014,"2015-10-31",2.89,15,2670,2820,36000,35,2450,2830,33,48.166666666666664
"Mr. Trash Wheel",107,"November",2014,"2015-11-20",4.46,15,1940,2230,28000,47,2960,3320,27,0
"Mr. Trash Wheel",108,"December",2014,"2015-12-02",3.42,18,2140,2570,19000,62,3100,3540,15,0
"Mr. Trash Wheel",109,"December",2014,"2015-12-02",3.56,15,1960,2340,21000,56,3300,4120,21,0
"Mr. Trash Wheel",110,"December",2014,"2015-12-23",1.92,12,1640,2150,32000,32,2430,2660,9,32
"Mr. Trash Wheel",111,"December",2014,"2015-12-24",2.9,18,1850,2670,33000,36,2770,3240,13,48.333333333333336
"Mr. Trash Wheel",112,"December",2014,"2015-12-26",3.24,15,2370,3240,24000,42,1830,2250,22,54
"Mr. Trash Wheel",113,"December",2014,"2015-12-26",4.41,15,2530,3300,41000,47,2190,3540,17,73.5
"Mr. Trash Wheel",114,"December",2014,"2015-12-26",3.39,18,2720,3690,23000,22,2520,3360,27,56.5
"Mr. Trash Wheel",115,"December",2014,"2015-12-26",3.27,15,2250,3180,37000,63,2740,2840,8,54.5
"Mr. Trash Wheel",116,"January",2014,"2016-01-10",3.6,15,3240,4160,28000,54,1360,2580,17,60
"Mr. Trash Wheel",117,"February",2014,"2016-02-02",4.06,18,3530,4620,24000,62,1850,2210,14,67.66666666666666
"Mr. Trash Wheel",118,"February",2014,"2016-02-03",2.11,15,2340,3870,31000,46,2130,2680,21,35.166666666666664
"Mr. Trash Wheel",119,"February",2014,"2016-02-05",3.01,15,2460,3640,27000,38,1920,2390,26,50.166666666666664
"Mr. Trash Wheel",120,"February",2014,"2016-02-17",3.41,18,1340,1680,24000,22,1530,1940,6,56.833333333333336
"Mr. Trash Wheel",121,"February",2014,"2016-02-19",3.66,15,950,1120,21000,32,1370,1640,4,61
"Mr. Trash Wheel",122,"February",2014,"2016-02-25",4.51,15,2240,3150,36000,46,2450,3140,16,75.16666666666667
"Mr. Trash Wheel",123,"March",2014,"2016-03-01",2.89,18,3050,3270,29000,24,1740,2250,24,48.166666666666664
"Mr. Trash Wheel",124,"March",2014,"2016-03-11",2.89,15,1630,1820,18000,37,2150,2390,23,48.166666666666664
"Mr. Trash Wheel",125,"March",2014,"2016-03-12",2.51,15,1120,1460,17000,43,2270,2490,18,41.833333333333336
"Mr. Trash Wheel",126,"March",2014,"2016-03-15",3.58,18,3340,3640,45000,48,3450,3740,46,59.666666666666664
"Mr. Trash Wheel",127,"March",2014,"2016-03-29",3.41,15,3560,3740,43000,53,3320,3570,38,56.833333333333336
"Mr. Trash Wheel",128,"April",2014,"2016-04-08",2.79,15,2460,3150,38000,46,3540,3840,24,46.5
"Mr. Trash Wheel",129,"April",2014,"2016-04-30",4.21,18,3860,4240,47000,18,3200,3470,36,70.16666666666667
"Mr. Trash Wheel",130,"April",2014,"2016-04-30",4.88,15,3230,3640,52000,27,3750,3940,42,81.33333333333333
"Mr. Trash Wheel",131,"April",2014,"2016-04-30",4.47,15,3760,4150,45000,40,2840,3270,23,74.5
"Mr. Trash Wheel",132,"April",2014,"2016-04-30",3.29,18,3640,3520,52000,33,2530,2940,34,54.833333333333336
"Mr. Trash Wheel",133,"May",2014,"2016-05-07",4.16,15,4230,4620,53000,34,2727,3360,38,69.33333333333333
"Mr. Trash Wheel",134,"May",2014,"2016-05-12",2.93,15,3590,3840,47000,42,1760,2640,26,48.833333333333336
"Mr. Trash Wheel",135,"May",2014,"2016-05-31",2.37,18,3740,4120,56000,65,1680,2530,32,39.5
"Mr. Trash Wheel",136,"June",2014,"2016-06-15",2.57,15,4200,4630,38000,53,1480,1760,43,42.833333333333336
"Mr. Trash Wheel",137,"June",2014,"2016-06-16",2.39,15,3840,3990,41000,32,1540,2030,38,39.833333333333336
"Mr. Trash Wheel",138,"June",2014,"2016-06-21",3.98,15,4350,4120,45000,42,1630,2140,24,66.33333333333333
"Mr. Trash Wheel",139,"June",2014,"2016-06-22",3.47,15,3960,3720,52000,38,1870,2200,35,57.833333333333336
"Mr. Trash Wheel",140,"June",2014,"2016-06-24",3.97,18,4150,3970,48000,41,1530,1700,26,66.16666666666667
"Mr. Trash Wheel",141,"June",2014,"2016-06-30",3.12,18,4450,4310,58000,43,2130,2410,29,52
"Mr. Trash Wheel",142,"July",2014,"2016-07-01",3.17,15,3460,3820,43000,38,2240,2670,31,52.833333333333336
"Mr. Trash Wheel",143,"July",2014,"2016-07-13",2.12,15,2850,3120,52000,53,1930,2150,28,35.333333333333336
"Mr. Trash Wheel",144,"July",2014,"2016-07-23",2.31,18,3560,3780,65000,33,2460,2520,34,38.5
"Mr. Trash Wheel",145,"July",2014,"2016-07-28",3.16,15,4130,4360,52000,54,2610,2900,26,52.666666666666664
"Mr. Trash Wheel",146,"July",2014,"2016-07-29",4.02,15,4350,4600,55000,34,2430,2780,38,66.99999999999999
"Mr. Trash Wheel",147,"July",2014,"2016-07-29",3.26,18,4420,4850,65000,48,2340,2580,25,54.333333333333336
"Mr. Trash Wheel",148,"July",2014,"2016-07-31",3.82,15,2130,2240,35000,45,1830,2140,16,63.666666666666664
"Mr. Trash Wheel",149,"July",2014,"2016-07-31",4.88,15,2450,2500,32000,33,1950,2070,24,81.33333333333333
"Mr. Trash Wheel",150,"August",2014,"2016-08-04",5.05,18,2300,2260,16000,28,1360,1650,15,84.16666666666667
"Mr. Trash Wheel",151,"August",2014,"2016-08-16",2.79,15,2850,3120,34000,42,2100,2630,31,46.5
"Mr. Trash Wheel",152,"August",2014,"2016-08-17",3.47,15,2640,2900,38000,37,2340,2760,22,57.833333333333336
"Mr. Trash Wheel",153,"August",2014,"2016-08-19",4.01,18,3250,3570,42000,56,2700,3020,28,66.83333333333333
"Mr. Trash Wheel",154,"August",2014,"2016-08-24",3.18,15,2530,2740,52000,38,2810,3150,32,53
"Mr. Trash Wheel",155,"September",2014,"2016-09-02",3.13,15,2780,2640,38000,21,2130,2830,15,52.166666666666664
"Mr. Trash Wheel",156,"September",2014,"2016-09-07",2.43,18,2740,3360,24000,32,2210,2490,28,40.5
"Mr. Trash Wheel",157,"September",2014,"2016-09-19",3.08,15,2530,3460,21000,38,2300,2760,33,51.333333333333336
"Mr. Trash Wheel",158,"October",2014,"2016-10-09",2.9,15,1876,3990,27600,10,1240,1980,11,48.333333333333336
"Mr. Trash Wheel",159,"October",2014,"2016-10-27",3,18,2340,3150,19000,46,2470,2810,37,50
"Mr. Trash Wheel",160,"November",2014,"2016-11-17",2.01,15,2244,4358,27000,64,3400,3700,22,33.49999999999999
"Mr. Trash Wheel",161,"November",2014,"2016-11-29",1.98,15,2980,4460,36000,18,1880,1610,11,33
"Mr. Trash Wheel",162,"November",2014,"2016-11-30",2.75,18,3460,5840,16000,42,3260,3430,34,45.833333333333336
"Mr. Trash Wheel",163,"December",2014,"2016-12-01",3.41,15,1840,4760,23000,43,3470,3800,6,56.833333333333336
"Mr. Trash Wheel",164,"December",2014,"2016-12-06",2.55,15,1360,3850,34000,39,2340,4220,24,42.5
"Mr. Trash Wheel",165,"December",2014,"2016-12-16",1.74,18,1880,2890,26000,59,2100,4040,20,29
"Mr. Trash Wheel",166,"December",2014,"2017-01-02",2.13,15,2460,2740,32000,48,3250,4430,15,35.5
"Mr. Trash Wheel",167,"January",2014,"2017-01-19",2.43,15,2260,2780,28000,36,2870,3640,22,40.5
"Mr. Trash Wheel",168,"February",2014,"2017-02-26",2.32,18,2890,2460,30000,22,2610,3250,19,38.666666666666664
"Mr. Trash Wheel",169,"February",2014,"2017-02-26",3.72,15,2140,1870,15000,23,2040,2450,12,62
"Mr. Trash Wheel",170,"March",2014,"2017-03-30",2.14,15,2570,2930,23000,28,2650,2910,14,35.666666666666664
"Mr. Trash Wheel",171,"March",2014,"2017-03-31",2.74,18,2030,2340,14000,18,1960,2150,18,45.666666666666664
"Mr. Trash Wheel",172,"March",2014,"2017-03-31",2.63,15,1940,2170,12000,15,1820,1980,10,43.833333333333336
"Mr. Trash Wheel",173,"March",2014,"2017-03-31",2.09,15,1870,2040,11000,13,1950,2210,6,34.833333333333336
"Mr. Trash Wheel",174,"April",2014,"2017-04-01",2.67,18,1920,2130,13000,21,2230,2590,8,44.5
"Mr. Trash Wheel",175,"April",2014,"2017-04-01",2.67,18,1920,2130,13000,21,2230,2590,8,44.5
"Mr. Trash Wheel",176,"April",2014,"2017-04-06",3.55,15,2230,2540,2000,16,1480,1670,5,59.166666666666664
"Mr. Trash Wheel",177,"April",2014,"2017-04-06",3.89,18,980,1120,3000,14,1500,1730,3,64.83333333333333
"Mr. Trash Wheel",178,"April",2014,"2017-04-06",3.59,15,650,720,2000,10,1140,1450,5,59.833333333333336
"Mr. Trash Wheel",179,"April",2014,"2017-04-06",3.13,15,430,560,4000,9,870,990,7,52.166666666666664
"Mr. Trash Wheel",180,"April",2014,"2017-04-06",3.33,18,390,460,2000,8,720,850,2,55.5
"Mr. Trash Wheel",181,"April",2014,"2017-04-07",3.11,15,490,510,3000,11,1020,1110,7,51.833333333333336
"Mr. Trash Wheel",182,"April",2014,"2017-04-07",3.04,15,210,340,2000,12,890,1040,3,50.666666666666664
"Mr. Trash Wheel",183,"April",2014,"2017-04-07",3.21,18,560,670,2000,15,920,1080,4,53.5
"Mr. Trash Wheel",184,"April",2014,"2017-04-07",4.08,15,470,560,3000,12,780,820,5,68
"Mr. Trash Wheel",185,"April",2014,"2017-04-07",3.26,15,390,450,2000,8,830,990,8,54.333333333333336
"Mr. Trash Wheel",186,"April",2014,"2017-04-08",3.36,18,460,620,1000,9,790,830,10,56
"Mr. Trash Wheel",187,"April",2014,"2017-04-08",3.62,15,530,670,2000,13,1120,1340,5,60.333333333333336
"Mr. Trash Wheel",188,"April",2014,"2017-04-08",4.27,15,460,530,1000,12,820,1030,7,71.16666666666667
"Mr. Trash Wheel",189,"April",2014,"2017-04-08",4.01,18,340,510,2000,10,730,910,5,66.83333333333333
"Mr. Trash Wheel",190,"April",2014,"2017-04-08",3.88,15,360,490,1000,15,820,950,8,64.66666666666667
"Mr. Trash Wheel",191,"April",2014,"2017-04-21",4.67,15,2540,2330,12000,32,2450,2670,10,77.83333333333333
"Mr. Trash Wheel",192,"May",2014,"2017-05-05",3.53,18,2870,3140,16000,21,3460,3720,11,58.833333333333336
"Mr. Trash Wheel",193,"May",2014,"2017-05-05",4.07,15,2230,2820,14000,19,3250,3890,14,67.83333333333334
"Mr. Trash Wheel",194,"May",2014,"2017-05-06",3.93,15,2340,2530,15000,18,2890,3100,12,65.5
"Mr. Trash Wheel",195,"May",2014,"2017-05-11",2.59,18,2560,2430,18000,16,3120,3240,8,43.166666666666664
"Mr. Trash Wheel",196,"May",2014,"2017-05-11",3.81,15,2340,2250,19000,22,2830,3020,5,63.5
"Mr. Trash Wheel",197,"May",2014,"2017-05-22",3.3,15,2480,2320,14000,21,2990,3120,9,55
"Mr. Trash Wheel",198,"May",2014,"2017-05-22",3.84,18,2540,2410,15000,16,1980,2230,5,64
"Mr. Trash Wheel",199,"May",2014,"2017-05-26",4.1,15,2980,2830,17000,18,2590,2730,14,68.33333333333333
"Mr. Trash Wheel",200,"June",2014,"2017-06-21",4.1,18,3250,2980,21000,23,3460,3640,12,68.33333333333333
"Mr. Trash Wheel",201,"June",2014,"2017-06-21",2.52,15,3340,3120,26000,16,2640,3010,8,42
"Mr. Trash Wheel",202,"June",2014,"2017-06-27",1.95,15,2850,2560,17000,21,2430,2790,7,32.5
"Mr. Trash Wheel",203,"July",2014,"2017-07-03",3.58,18,3220,3140,23000,24,2870,3160,18,59.666666666666664
"Mr. Trash Wheel",204,"July",2014,"2017-07-03",1.5,15,2110,1920,14000,32,1780,2140,11,25
"Mr. Trash Wheel",205,"July",2014,"2017-07-12",3.63,15,3670,3240,32000,34,3020,3560,22,60.5
"Mr. Trash Wheel",206,"July",2014,"2017-07-27",2.21,18,2890,2710,11000,20,2890,3250,13,36.833333333333336
"Mr. Trash Wheel",207,"July",2014,"2017-07-28",4.04,15,1460,1250,9000,12,1120,1540,21,67.33333333333333
"Mr. Trash Wheel",208,"August",2014,"2017-08-02",3.87,15,3240,3120,18000,27,2780,3170,14,64.5
"Mr. Trash Wheel",209,"August",2014,"2017-08-04",3.68,18,3530,3240,26000,25,3250,3590,9,61.333333333333336
"Mr. Trash Wheel",210,"August",2014,"2017-08-07",2.17,15,2760,2500,19000,31,2230,2740,6,36.166666666666664
"Mr. Trash Wheel",211,"August",2014,"2017-08-11",2.1,15,2980,2740,22000,28,2640,2930,13,35
"Mr. Trash Wheel",212,"August",2014,"2017-08-18",3.7,18,2430,2010,27000,36,2910,3310,11,61.666666666666664
"Mr. Trash Wheel",213,"August",2014,"2017-08-19",3.39,15,1500,1390,12000,42,600,750,6,56.5
"Mr. Trash Wheel",214,"August",2014,"2017-08-19",3.14,15,1270,1140,9000,13,780,890,8,52.333333333333336
"Mr. Trash Wheel",215,"August",2014,"2017-08-19",3.54,18,1340,1180,13000,31,630,1250,5,59
"Mr. Trash Wheel",216,"September",2014,"2017-09-12",3.07,18,2780,2540,11000,21,1460,1870,6,51.166666666666664
"Mr. Trash Wheel",217,"September",2014,"2017-09-25",2.15,15,2910,2890,14000,32,1870,2140,12,35.833333333333336
"Mr. Trash Wheel",218,"October",2014,"2017-10-11",2.76,15,2760,2450,11000,24,1640,2350,8,46
"Mr. Trash Wheel",219,"October",2014,"2017-10-25",2.76,18,2950,2780,10000,29,1780,2130,7,46
"Mr. Trash Wheel",220,"November",2014,"2017-11-14",2.38,15,2550,2870,12000,23,1640,2210,13,39.666666666666664
"Mr. Trash Wheel",221,"November",2014,"2017-11-15",2.02,15,2720,2980,11000,32,1870,2340,11,33.666666666666664
"Mr. Trash Wheel",222,"January",2014,"2018-01-15",2.17,15,2540,3160,15000,28,2220,2560,12,36.166666666666664
"Mr. Trash Wheel",223,"January",2014,"2018-01-25",2.08,15,2370,2790,21000,12,1540,2760,8,34.666666666666664
"Mr. Trash Wheel",224,"February",2014,"2018-02-05",3.12,18,2250,3120,18000,16,1630,2800,6,52
"Mr. Trash Wheel",225,"February",2014,"2018-02-05",2.45,15,1260,1670,22000,9,870,1580,4,40.833333333333336
"Mr. Trash Wheel",226,"February",2014,"2018-02-05",3.72,15,950,1470,16000,11,920,1340,6,62
"Mr. Trash Wheel",227,"February",2014,"2018-02-06",4,18,1020,1590,14000,7,1110,1850,12,66.66666666666667
"Mr. Trash Wheel",228,"February",2014,"2018-02-11",3.54,15,2250,2560,24000,18,1430,2260,14,59
"Mr. Trash Wheel",229,"February",2014,"2018-02-11",3.19,15,1130,1470,12000,10,650,1400,5,53.166666666666664
"Mr. Trash Wheel",230,"February",2014,"2018-02-11",4.51,18,1240,1510,11000,6,710,1390,4,75.16666666666667
"Mr. Trash Wheel",231,"February",2014,"2018-02-13",2.97,15,1950,2130,16000,3,1050,1670,8,49.5
"Mr. Trash Wheel",232,"February",2014,"2018-02-13",3.78,15,1460,1620,12000,5,630,1320,3,63
"Mr. Trash Wheel",233,"March",2014,"2018-03-06",2.66,15,2210,2650,18000,11,1420,1710,7,44.333333333333336
"Mr. Trash Wheel",234,"March",2014,"2018-03-06",2.64,15,2470,2810,19000,13,1540,1980,10,44
"Mr. Trash Wheel",235,"April",2014,"2018-04-16",4.3,15,2150,2300,23000,16,1320,2070,12,71.66666666666667
"Mr. Trash Wheel",236,"April",2014,"2018-04-16",2.91,15,970,1100,8000,2,300,800,1,48.5
"Mr. Trash Wheel",237,"April",2014,"2018-04-16",3.62,15,840,920,7000,3,290,650,4,60.333333333333336
"Mr. Trash Wheel",238,"April",2014,"2018-04-16",2.4,12,790,910,8000,4,260,590,2,40
"Mr. Trash Wheel",239,"April",2014,"2018-04-17",3.19,15,750,830,6000,3,190,400,4,53.166666666666664
"Mr. Trash Wheel",240,"April",2014,"2018-04-17",3.03,15,810,890,5000,4,200,450,3,50.5
"Mr. Trash Wheel",241,"April",2014,"2018-04-17",3.26,15,790,1020,6000,3,150,500,4,54.333333333333336
"Mr. Trash Wheel",242,"April",2014,"2018-04-17",3.04,15,670,840,7000,2,230,620,3,50.666666666666664
"Mr. Trash Wheel",243,"April",2014,"2018-04-18",3.09,15,710,910,7000,4,310,780,4,51.5
"Mr. Trash Wheel",244,"April",2014,"2018-04-18",2.72,15,730,840,6000,6,280,640,2,45.333333333333336
"Mr. Trash Wheel",245,"April",2014,"2018-04-18",3.65,15,820,980,7000,5,170,590,5,60.833333333333336
"Mr. Trash Wheel",246,"April",2014,"2018-04-18",3.38,15,760,870,6000,3,240,720,1,56.333333333333336
"Mr. Trash Wheel",247,"April",2014,"2018-04-18",3.44,15,670,780,6000,7,310,810,3,57.333333333333336
"Mr. Trash Wheel",248,"April",2014,"2018-04-18",2.57,15,730,850,6000,2,110,570,2,42.833333333333336
"Mr. Trash Wheel",249,"April",2014,"2018-04-20",3.36,15,750,870,7000,4,230,730,4,56
"Mr. Trash Wheel",250,"April",2014,"2018-04-20",2.72,15,820,910,8000,3,190,610,2,45.333333333333336
"Mr. Trash Wheel",251,"April",2014,"2018-04-26",3.81,15,1580,1870,12000,12,980,1560,3,63.5
"Mr. Trash Wheel",252,"May",2014,"2018-05-12",3.36,15,2130,2340,11000,9,1140,2140,4,56
"Mr. Trash Wheel",253,"May",2014,"2018-05-14",4.29,15,2350,2130,14000,5,600,2350,5,71.5
"Mr. Trash Wheel",254,"May",2014,"2018-05-14",4.29,15,2460,2370,17000,3,740,2570,3,71.5
"Mr. Trash Wheel",255,"May",2014,"2018-05-16",4,15,1220,1360,8000,4,350,780,2,66.66666666666667
"Mr. Trash Wheel",256,"May",2014,"2018-05-16",3.25,15,950,890,7000,3,250,1010,3,54.166666666666664
"Mr. Trash Wheel",257,"May",2014,"2018-05-16",1.6,15,400,320,4000,2,210,780,0,26.666666666666668
"Mr. Trash Wheel",258,"May",2014,"2018-05-17",3.62,15,1050,1170,6000,4,470,970,2,60.333333333333336
"Mr. Trash Wheel",259,"May",2014,"2018-05-28",3.19,15,1480,1560,8000,3,1360,2340,3,53.166666666666664
"Mr. Trash Wheel",260,"May",2014,"2018-05-28",2.86,15,1300,1230,7000,6,1130,2140,2,47.666666666666664
"Mr. Trash Wheel",261,"May",2014,"2018-05-28",4.1,15,1650,1490,9000,2,820,1930,1,68.33333333333333
"Mr. Trash Wheel",262,"May",2014,"2018-05-31",3.38,15,2130,2240,11000,9,650,2350,2,56.333333333333336
"Mr. Trash Wheel",263,"June",2014,"2018-06-03",3.35,15,2340,2580,12000,11,1130,1760,5,55.833333333333336
"Mr. Trash Wheel",264,"June",2014,"2018-06-03",3.17,15,1890,2130,14000,6,870,1590,4,52.833333333333336
"Mr. Trash Wheel",265,"June",2014,"2018-06-05",4.19,15,1420,1650,8000,3,590,1020,3,69.83333333333333
"Mr. Trash Wheel",266,"June",2014,"2018-06-05",2.6,15,1280,1330,9000,3,630,1170,2,43.333333333333336
"Mr. Trash Wheel",267,"June",2014,"2018-06-05",4.15,15,1140,1290,7000,2,570,1340,4,69.16666666666667
"Mr. Trash Wheel",268,"June",2014,"2018-06-12",4.23,15,870,950,11000,6,890,1220,2,70.5
"Mr. Trash Wheel",269,"June",2014,"2018-06-12",4.15,15,940,1130,10000,8,760,1430,8,69.16666666666667
"Mr. Trash Wheel",270,"June",2014,"2018-06-12",4.44,15,620,730,5000,4,810,1020,3,74
"Mr. Trash Wheel",271,"June",2014,"2018-06-28",3.12,15,1560,1780,13000,5,1240,1750,2,52
"Mr. Trash Wheel",272,"June",2014,"2018-06-29",0.96,15,1720,1980,12000,4,1110,1500,2,16
"Mr. Trash Wheel",273,"July",2014,"2018-07-18",2.99,15,1890,1630,13000,8,850,1290,3,49.833333333333336
"Mr. Trash Wheel",274,"July",2014,"2018-07-22",3.49,15,1760,1830,10000,10,790,1340,1,58.166666666666664
"Mr. Trash Wheel",275,"July",2014,"2018-07-24",4.39,15,890,1020,8000,4,340,710,5,73.16666666666667
"Mr. Trash Wheel",276,"July",2014,"2018-07-24",3.57,15,710,850,6000,2,410,820,3,59.5
"Mr. Trash Wheel",277,"July",2014,"2018-07-24",3.79,15,620,540,4000,2,370,560,1,63.166666666666664
"Mr. Trash Wheel",278,"July",2014,"2018-07-24",4.24,15,780,670,5000,3,50,720,2,70.66666666666667
"Mr. Trash Wheel",279,"July",2014,"2018-07-25",3.49,15,540,430,8000,6,410,910,7,58.166666666666664
"Mr. Trash Wheel",280,"July",2014,"2018-07-25",4.16,15,670,720,7000,4,360,840,4,69.33333333333333
"Mr. Trash Wheel",281,"July",2014,"2018-07-26",3.17,15,820,540,6000,8,430,750,5,52.833333333333336
"Mr. Trash Wheel",282,"July",2014,"2018-07-28",3.31,15,540,650,10000,5,500,690,1,55.166666666666664
"Mr. Trash Wheel",283,"July",2014,"2018-07-28",3.32,15,730,670,7000,6,290,1020,7,55.333333333333336
"Mr. Trash Wheel",284,"July",2014,"2018-07-28",3.98,15,910,790,5000,9,370,560,2,66.33333333333333
"Mr. Trash Wheel",285,"July",2014,"2018-07-28",3.84,15,710,630,8000,2,300,730,3,64
"Mr. Trash Wheel",286,"August",2014,"2018-08-09",3.31,15,1750,990,11000,6,910,1650,6,55.166666666666664
"Mr. Trash Wheel",287,"August",2014,"2018-08-14",4.62,18,1320,1010,4900,14,1260,920,1,77
"Mr. Trash Wheel",288,"August",2014,"2018-08-14",3.74,15,2740,1130,6700,29,2100,1340,9,62.333333333333336
"Mr. Trash Wheel",289,"August",2014,"2018-08-14",3.27,15,1120,790,4000,4,1050,1160,0,54.5
"Mr. Trash Wheel",290,"August",2014,"2018-08-14",3.04,18,2100,980,3000,12,940,990,2,50.666666666666664
"Mr. Trash Wheel",291,"September",2014,"2018-09-01",2.43,15,3110,1420,6500,38,990,1620,14,40.5
"Mr. Trash Wheel",292,"September",2014,"2018-09-01",3.35,15,1200,880,5000,9,1210,1500,11,55.833333333333336
"Mr. Trash Wheel",293,"September",2014,"2018-09-09",3.5,15,1390,870,7200,18,560,2100,6,58.333333333333336
"Mr. Trash Wheel",294,"September",2014,"2018-09-09",4.25,18,940,600,2500,6,470,860,0,70.83333333333333
"Mr. Trash Wheel",295,"September",2014,"2018-09-10",3.77,15,1220,940,5000,12,850,1100,4,62.833333333333336
"Mr. Trash Wheel",296,"September",2014,"2018-09-16",2.26,15,1960,1070,7000,31,1000,1570,9,37.666666666666664
"Mr. Trash Wheel",297,"September",2014,"2018-09-25",3.09,18,2150,950,8000,19,490,1410,16,51.5
"Mr. Trash Wheel",298,"September",2014,"2018-09-25",2.95,15,2380,1250,7500,22,1500,1860,14,49.166666666666664
"Mr. Trash Wheel",299,"October",2014,"2018-10-04",3.28,15,1440,800,4000,11,1700,2100,8,54.666666666666664
"Mr. Trash Wheel",300,"October",2014,"2018-10-04",3.1,18,1080,610,6000,26,820,1640,8,51.666666666666664
"Mr. Trash Wheel",301,"October",2014,"2018-10-19",3.04,15,1840,710,8000,38,1050,1820,11,50.666666666666664
"Mr. Trash Wheel",302,"November",2014,"2018-11-04",3.11,15,2100,1420,5500,12,880,980,6,51.833333333333336
"Mr. Trash Wheel",303,"November",2014,"2018-11-04",2.26,15,1500,1040,4000,8,1210,1440,4,37.666666666666664
"Mr. Trash Wheel",304,"November",2014,"2018-11-04",3.46,15,660,560,3000,4,700,840,0,57.666666666666664
"Mr. Trash Wheel",305,"November",2014,"2018-11-04",4.54,18,590,540,2000,14,390,880,4,75.66666666666667
"Mr. Trash Wheel",306,"November",2014,"2018-11-19",3.19,15,1200,1140,6500,21,1100,1660,9,53.166666666666664
"Mr. Trash Wheel",307,"November",2014,"2018-11-25",3.17,15,2610,1600,6000,28,940,1650,14,52.833333333333336
"Mr. Trash Wheel",308,"November",2014,"2018-11-25",2.78,18,1820,1880,5000,8,800,1220,2,46.333333333333336
"Mr. Trash Wheel",309,"November",2014,"2018-11-25",2.77,15,1080,1640,6000,14,640,980,0,46.166666666666664
"Mr. Trash Wheel",310,"November",2014,"2018-11-30",3.26,15,790,1000,5500,31,1080,1140,6,54.333333333333336
"Mr. Trash Wheel",311,"December",2014,"2018-12-17",3.53,18,1240,990,4000,20,840,1200,8,58.833333333333336
"Mr. Trash Wheel",312,"December",2014,"2018-12-20",3.38,15,780,940,3000,10,550,840,8,56.333333333333336
"Mr. Trash Wheel",313,"December",2014,"2018-12-20",2.96,15,480,500,1500,18,400,300,0,49.333333333333336
"Mr. Trash Wheel",314,"December",2014,"2018-12-20",3.62,15,300,440,2000,10,250,400,4,60.333333333333336
"Mr. Trash Wheel",315,"January",2014,"2019-01-23",2.5,15,990,1640,4500,6,990,1230,13,41.666666666666664
"Mr. Trash Wheel",316,"January",2014,"2019-01-23",3.07,15,1110,1940,6000,21,1010,750,17,51.166666666666664
"Mr. Trash Wheel",317,"February",2014,"2019-02-12",2.33,15,580,890,3400,0,750,1100,2,38.833333333333336
"Mr. Trash Wheel",318,"February",2014,"2019-02-12",3.24,15,2200,2750,4600,4,1400,1750,11,54
"Mr. Trash Wheel",319,"March",2014,"2019-03-05",2.52,15,1900,3300,6600,14,790,1250,14,42
"Mr. Trash Wheel",320,"March",2014,"2019-03-05",2.27,14,2800,2700,8400,5,800,1400,9,37.833333333333336
"Mr. Trash Wheel",321,"March",2014,"2019-03-22",3.06,15,840,1050,3500,3,450,840,0,51
"Mr. Trash Wheel",322,"March",2014,"2019-03-22",3.33,15,680,880,2400,4,240,650,6,55.5
"Mr. Trash Wheel",323,"March",2014,"2019-03-22",3.03,15,300,500,2000,0,425,750,6,50.5
"Mr. Trash Wheel",324,"March",2014,"2019-03-23",2.6,15,240,450,1200,2,350,600,3,43.333333333333336
"Mr. Trash Wheel",325,"April",2014,"2019-04-13",2.26,15,1015,990,5600,6,510,775,11,37.666666666666664
"Mr. Trash Wheel",326,"April",2014,"2019-04-18",3.52,15,2150,2200,6450,11,780,1020,14,58.666666666666664
"Mr. Trash Wheel",327,"April",2014,"2019-04-18",3.84,15,580,480,3100,3,250,230,4,64
"Mr. Trash Wheel",328,"April",2014,"2019-04-24",3.57,15,1400,1760,5500,5,1040,1200,8,59.5
"Mr. Trash Wheel",329,"April",2014,"2019-04-30",5.1,15,800,450,2400,2,240,350,1,85
"Mr. Trash Wheel",330,"April",2014,"2019-04-30",3.53,15,1110,1460,7200,12,500,580,4,58.833333333333336
"Mr. Trash Wheel",331,"May",2014,"2019-05-11",3.04,15,1980,2100,4400,6,660,680,8,50.666666666666664
"Mr. Trash Wheel",332,"May",2014,"2019-05-11",3.07,15,1040,1240,3200,14,780,1040,14,51.166666666666664
"Mr. Trash Wheel",333,"May",2014,"2019-05-13",3.23,15,940,1400,5990,10,1000,780,9,53.833333333333336
"Mr. Trash Wheel",334,"May",2014,"2019-05-13",3.73,15,600,450,1200,3,240,350,4,62.166666666666664
"Mr. Trash Wheel",335,"May",2014,"2019-05-13",3.38,15,460,840,980,4,180,250,4,56.333333333333336
"Mr. Trash Wheel",336,"May",2014,"2019-05-13",2.92,15,980,1200,2400,18,640,800,14,48.666666666666664
"Mr. Trash Wheel",337,"May",2014,"2019-05-15",2.83,15,1880,2440,4200,10,990,460,22,47.166666666666664
"Mr. Trash Wheel",338,"May",2014,"2019-05-15",2.76,15,900,1300,3800,4,480,660,6,46
"Mr. Trash Wheel",339,"May",2014,"2019-05-28",2.51,15,1740,2000,6400,13,600,780,9,41.833333333333336
"Mr. Trash Wheel",340,"May",2014,"2019-05-28",2.72,15,1140,1080,5400,16,900,1080,10,45.333333333333336
"Mr. Trash Wheel",341,"May",2014,"2019-05-31",3.19,15,2040,1250,6600,17,860,1480,8,53.166666666666664
"Mr. Trash Wheel",342,"June",2014,"2019-06-12",3.23,15,2800,2200,7800,14,1050,2000,17,53.833333333333336
"Mr. Trash Wheel",343,"June",2014,"2019-06-12",3.08,15,1800,2240,6300,11,600,1450,8,51.333333333333336
"Mr. Trash Wheel",344,"June",2014,"2019-06-17",3.02,15,3300,2400,8000,18,500,1600,16,50.333333333333336
"Mr. Trash Wheel",345,"July",2014,"2019-07-03",2.08,15,1880,1640,7200,22,800,1380,11,34.666666666666664
"Mr. Trash Wheel",346,"July",2014,"2019-07-03",2.03,15,2000,1100,5000,18,400,1500,8,33.83333333333333
"Mr. Trash Wheel",347,"July",2014,"2019-07-06",2.48,15,2680,980,4400,34,560,980,20,41.333333333333336
"Mr. Trash Wheel",348,"July",2014,"2019-07-06",3.34,15,950,650,3400,4,280,680,7,55.666666666666664
"Mr. Trash Wheel",349,"July",2014,"2019-07-06",2.69,15,3700,1500,5800,12,600,1100,8,44.833333333333336
"Mr. Trash Wheel",350,"July",2014,"2019-07-06",2.57,15,1900,840,8800,18,880,1400,18,42.833333333333336
"Mr. Trash Wheel",351,"July",2014,"2019-07-09",3.45,15,3600,980,8400,18,680,1440,14,57.5
"Mr. Trash Wheel",352,"July",2014,"2019-07-09",2.25,15,2400,1100,9400,38,380,2040,22,37.5
"Mr. Trash Wheel",353,"July",2014,"2019-07-13",2.48,15,4400,1800,7200,11,660,1340,12,41.333333333333336
"Mr. Trash Wheel",354,"July",2014,"2019-07-13",3.13,15,980,210,1000,0,360,740,4,52.166666666666664
"Mr. Trash Wheel",355,"July",2014,"2019-07-13",2.65,15,1980,800,4400,12,440,1800,14,44.166666666666664
"Mr. Trash Wheel",356,"July",2014,"2019-07-19",3.96,15,3600,1400,6800,8,280,1600,32,66
"Mr. Trash Wheel",357,"August",2014,"2019-08-02",2.61,15,2200,680,5000,24,740,1380,10,43.5
"Mr. Trash Wheel",358,"August",2014,"2019-08-02",3.82,15,2800,980,4800,12,360,640,4,63.666666666666664
"Mr. Trash Wheel",359,"August",2014,"2019-08-08",2.66,15,4200,1400,7800,32,240,1310,14,44.333333333333336
"Mr. Trash Wheel",360,"August",2014,"2019-08-24",4.25,15,800,360,1800,0,100,240,0,70.83333333333333
"Mr. Trash Wheel",361,"August",2014,"2019-08-24",2.96,15,1400,720,2200,4,180,540,6,49.333333333333336
"Mr. Trash Wheel",362,"August",2014,"2019-08-24",4,15,1800,980,3600,8,88,980,13,66.66666666666667
"Mr. Trash Wheel",363,"August",2014,"2019-08-24",3.17,15,2210,950,5000,24,120,960,21,52.833333333333336
"Mr. Trash Wheel",364,"October",2014,"2019-10-18",3.07,15,980,800,2200,6,840,1100,4,51.166666666666664
"Mr. Trash Wheel",365,"October",2014,"2019-10-18",2.41,15,2800,2020,6500,10,660,1200,12,40.166666666666664
"Mr. Trash Wheel",366,"October",2014,"2019-10-18",3.21,15,1900,1200,6600,22,800,2100,16,53.5
"Mr. Trash Wheel",367,"October",2014,"2019-10-25",3.25,15,2780,2100,7200,16,940,1980,28,54.166666666666664
"Mr. Trash Wheel",368,"October",2014,"2019-10-28",3.43,15,2440,2000,5300,10,350,1400,12,57.166666666666664
"Mr. Trash Wheel",369,"October",2014,"2019-10-28",3.28,15,3400,1880,7800,12,480,1580,20,54.666666666666664
"Mr. Trash Wheel",370,"October",2014,"2019-10-28",2.66,15,920,1240,4800,0,240,560,4,44.333333333333336
"Mr. Trash Wheel",371,"October",2014,"2019-10-30",2.98,15,1260,1480,3600,14,320,880,2,49.666666666666664
"Mr. Trash Wheel",372,"November",2014,"2019-11-02",3.05,15,1980,1550,4900,8,180,560,12,50.833333333333336
"Mr. Trash Wheel",373,"November",2014,"2019-11-02",2.23,15,1000,1200,6400,12,560,880,2,37.166666666666664
"Mr. Trash Wheel",374,"November",2014,"2019-11-04",3.2,15,960,800,5500,4,340,1020,11,53.333333333333336
"Mr. Trash Wheel",375,"November",2014,"2019-11-04",3.2,15,640,720,3400,0,210,400,4,53.333333333333336
"Mr. Trash Wheel",376,"November",2014,"2019-11-25",3.58,15,860,980,4000,8,180,720,1,59.666666666666664
"Mr. Trash Wheel",377,"November",2014,"2019-11-25",3.88,15,590,500,1200,0,88,190,0,64.66666666666667
"Mr. Trash Wheel",378,"November",2014,"2019-11-25",2.25,15,1800,1680,2800,24,100,240,3,37.5
"Mr. Trash Wheel",379,"December",2014,"2019-12-06",2.72,15,3600,3200,7000,8,420,1200,9,45.333333333333336
"Mr. Trash Wheel",380,"December",2014,"2019-12-20",2.78,15,2300,2400,8400,9,360,1700,12,46.333333333333336
"Mr. Trash Wheel",381,"January",2014,"2020-01-18",2.75,15,3900,2100,12500,15,750,1100,16,45.833333333333336
"Mr. Trash Wheel",382,"January",2014,"2020-01-18",1.8,15,2900,1800,10400,8,850,1800,12,30
"Mr. Trash Wheel",383,"January",2014,"1900-01-20",2.9,15,1850,1100,9800,12,550,980,8,48.333333333333336
"Mr. Trash Wheel",384,"January",2014,"2020-01-27",2.54,15,3400,2400,12000,21,1040,1450,6,42.333333333333336
"Mr. Trash Wheel",385,"January",2014,"2020-01-27",2.18,15,980,900,6500,4,720,840,14,36.333333333333336
"Mr. Trash Wheel",386,"January",2014,"2020-01-27",3.24,15,750,640,5400,8,440,640,2,54
"Mr. Trash Wheel",387,"January",2014,"2020-01-27",3.07,15,500,440,4200,4,500,560,6,51.166666666666664
"Mr. Trash Wheel",388,"January",2014,"2020-01-30",2.8,15,3200,2400,9600,14,980,1200,14,46.666666666666664
"Mr. Trash Wheel",389,"January",2014,"2020-01-30",2.8,15,3800,2700,9400,12,660,980,10,46.666666666666664
"Mr. Trash Wheel",390,"February",2014,"2020-02-10",1.9,15,1850,980,8000,2,880,1040,9,31.666666666666668
"Mr. Trash Wheel",391,"March",2014,"2020-03-02",2.34,15,2800,2000,7200,18,420,800,16,39
"Mr. Trash Wheel",392,"March",2014,"2020-03-24",2.15,15,980,900,5600,4,500,1000,7,35.833333333333336
"Mr. Trash Wheel",393,"March",2014,"2020-03-30",3.86,15,3200,2700,11000,18,840,1040,11,64.33333333333333
"Mr. Trash Wheel",394,"April",2014,"2020-04-11",3.98,15,2800,2100,5900,13,1050,1640,6,66.33333333333333
"Mr. Trash Wheel",395,"April",2014,"2020-04-14",4.62,15,2640,1880,6800,20,860,1200,14,77
"Mr. Trash Wheel",396,"April",2014,"2020-04-14",3.36,15,1200,840,2000,0,460,800,8,56
"Mr. Trash Wheel",397,"April",2014,"2020-04-14",2.91,15,510,490,1800,4,140,380,4,48.5
"Mr. Trash Wheel",398,"April",2014,"2020-04-15",3.5,15,660,360,1700,7,100,340,4,58.333333333333336
"Mr. Trash Wheel",399,"April",2014,"2020-04-15",3.13,15,480,290,1100,9,80,290,2,52.166666666666664
"Mr. Trash Wheel",400,"April",2014,"2020-04-23",3.06,15,2900,2200,5500,11,400,1600,14,51
"Mr. Trash Wheel",401,"April",2014,"2020-04-25",3.17,15,2300,1200,4200,22,480,980,19,52.833333333333336
"Mr. Trash Wheel",402,"May",2014,"2020-05-02",4.22,15,1980,1480,4900,12,600,680,16,70.33333333333333
"Mr. Trash Wheel",403,"May",2014,"2020-05-02",3.68,15,1040,880,5200,20,550,1040,22,61.333333333333336
"Mr. Trash Wheel",404,"May",2014,"2020-05-02",4,15,900,600,3400,4,380,450,12,66.66666666666667
"Mr. Trash Wheel",405,"June",2014,"2020-06-06",3.98,15,3400,2400,4000,8,280,1100,24,66.33333333333333
"Mr. Trash Wheel",406,"June",2014,"2020-06-06",2.55,15,1800,850,4200,22,440,760,12,42.5
"Mr. Trash Wheel",407,"June",2014,"2020-06-19",0.78,15,3000,2700,5800,12,300,900,10,13
"Mr. Trash Wheel",408,"June",2014,"2020-06-22",3.04,15,2800,1400,6000,18,560,1010,10,50.666666666666664
"Mr. Trash Wheel",409,"June",2014,"2020-06-22",3,15,950,750,3400,24,240,770,1,50
"Mr. Trash Wheel",410,"June",2014,"2020-06-24",3.79,15,3800,2100,4300,13,450,960,14,63.166666666666664
"Mr. Trash Wheel",411,"June",2014,"2020-06-24",3.84,15,800,880,2100,4,140,540,0,64
"Mr. Trash Wheel",412,"June",2014,"2020-06-24",3.96,15,760,980,1800,2,80,280,4,66
"Mr. Trash Wheel",413,"June",2014,"2020-06-24",3.29,15,540,320,1400,8,100,180,0,54.833333333333336
"Mr. Trash Wheel",414,"June",2014,"2020-06-24",3.35,15,340,290,2100,2,74,310,2,55.833333333333336
"Mr. Trash Wheel",415,"June",2014,"2020-06-25",3.44,15,600,340,1200,6,120,290,3,57.333333333333336
"Mr. Trash Wheel",416,"June",2014,"2020-06-25",3.78,15,480,340,1300,14,200,340,6,63
"Mr. Trash Wheel",417,"July",2014,"2020-07-02",2.93,15,2100,1200,5100,15,680,1020,11,48.833333333333336
"Mr. Trash Wheel",418,"July",2014,"2020-07-08",3.34,15,1840,1440,4200,19,500,850,15,55.666666666666664
"Mr. Trash Wheel",419,"July",2014,"2020-07-13",2.14,15,1100,980,3200,12,400,640,12,35.666666666666664
"Mr. Trash Wheel",420,"July",2014,"2020-07-24",3.1,15,2650,1300,4900,18,690,900,8,51.666666666666664
"Mr. Trash Wheel",421,"July",2014,"2020-07-24",3.05,15,1900,990,3750,14,500,750,19,50.833333333333336
"Mr. Trash Wheel",422,"July",2014,"2020-07-27",3.11,15,900,660,3050,8,350,360,12,51.833333333333336
"Mr. Trash Wheel",423,"July",2014,"2020-07-27",3.32,15,1880,950,3900,10,380,480,10,55.333333333333336
"Mr. Trash Wheel",424,"August",2014,"2020-08-03",2.92,15,1240,880,3100,14,300,400,24,48.666666666666664
"Mr. Trash Wheel",425,"August",2014,"2020-08-11",2.98,15,3000,2250,5000,20,800,1100,16,49.666666666666664
"Mr. Trash Wheel",426,"August",2014,"2020-08-11",1.89,15,2300,900,4750,20,660,740,9,31.5
"Mr. Trash Wheel",427,"August",2014,"2020-08-18",2.7,15,1400,840,3200,12,350,760,10,45
"Mr. Trash Wheel",428,"August",2014,"2020-08-26",1.41,15,2050,1250,4400,16,280,680,16,23.5
"Mr. Trash Wheel",429,"September",2014,"2020-09-04",3.52,15,3250,1500,4000,14,820,800,12,58.666666666666664
"Mr. Trash Wheel",430,"September",2014,"2020-09-04",3.39,15,2100,1420,3200,10,680,650,20,56.5
"Mr. Trash Wheel",431,"September",2014,"2020-09-12",2.36,15,2450,1640,4500,18,500,640,18,39.333333333333336
"Mr. Trash Wheel",432,"October",2014,"2020-10-01",3.19,15,4050,2500,6400,21,480,1050,21,53.166666666666664
"Mr. Trash Wheel",433,"October",2014,"2020-10-30",3.02,15,3800,2200,5200,18,750,900,24,50.333333333333336
"Mr. Trash Wheel",434,"October",2014,"2020-10-30",2.98,15,3000,1850,3000,12,680,880,14,49.666666666666664
"Mr. Trash Wheel",435,"October",2014,"2020-10-31",3.39,15,2200,1200,3200,12,300,480,8,56.5
"Mr. Trash Wheel",436,"November",2014,"2020-11-13",4.29,15,3500,2500,4900,20,480,720,11,71.5
"Mr. Trash Wheel",437,"November",2014,"2020-11-13",3.62,15,1800,1000,3300,8,280,640,8,60.333333333333336
"Mr. Trash Wheel",438,"November",2014,"2020-11-13",2.45,15,1250,900,2200,10,300,480,9,40.833333333333336
"Mr. Trash Wheel",439,"Decemeber",2014,"2020-12-01",2.92,15,2200,980,5600,21,500,840,14,48.666666666666664
"Mr. Trash Wheel",440,"Decemeber",2014,"2020-12-01",3.07,15,1640,800,4100,10,280,480,21,51.166666666666664
"Mr. Trash Wheel",441,"Decemeber",2014,"2020-12-01",2.42,15,1080,750,3800,14,360,380,18,40.333333333333336
"Mr. Trash Wheel",442,"Decemeber",2014,"2020-12-03",3.11,15,1790,1040,4900,19,480,540,12,51.833333333333336
"Mr. Trash Wheel",443,"Decemeber",2014,"2020-12-03",2.92,15,2080,1100,5200,24,280,640,16,48.666666666666664
"Mr. Trash Wheel",444,"Decemeber",2014,"2020-12-09",1.94,15,1600,880,3800,24,360,480,21,32.333333333333336
"Mr. Trash Wheel",445,"Decemeber",2014,"2020-12-18",3.02,15,2200,1080,4050,12,400,400,10,50.333333333333336
"Mr. Trash Wheel",446,"Decemeber",2014,"2020-12-26",2.79,15,2000,980,3600,15,280,640,14,46.5
"Mr. Trash Wheel",447,"Decemeber",2014,"2020-12-26",2.01,15,1200,780,3200,20,500,360,20,33.49999999999999
"Mr. Trash Wheel",448,"Decemeber",2014,"2020-12-26",3.35,15,980,600,2800,21,280,480,8,55.833333333333336
"Mr. Trash Wheel",449,"Decemeber",2014,"2020-12-26",3.34,15,800,640,2700,12,380,450,28,55.666666666666664
"Mr. Trash Wheel",450,"Decemeber",2014,"2020-12-26",3.08,15,1200,720,4200,18,270,720,0,51.333333333333336
"Mr. Trash Wheel",451,"Decemeber",2014,"2020-12-30",2.73,15,1800,780,4200,14,270,280,14,45.5
"Mr. Trash Wheel",452,"Decemeber",2014,"2020-12-30",2.12,15,1440,600,3600,21,420,360,15,35.333333333333336
"Mr. Trash Wheel",453,"January",2014,"2021-01-04",2.81,15,1600,840,3400,24,320,540,12,46.833333333333336
"Mr. Trash Wheel",454,"February",2014,"2021-02-17",2.43,15,2400,1100,4400,9,980,1050,10,46.833333333333336
"Mr. Trash Wheel",455,"March",2014,"2021-03-03",2.69,15,1900,860,3800,14,1000,750,18,44.833333333333336
"Mr. Trash Wheel",456,"March",2014,"2021-03-23",1.83,15,2100,900,4200,16,680,800,12,30.5
"Mr. Trash Wheel",457,"March",2014,"2021-03-25",3.14,15,1200,500,3300,8,580,720,8,52.333333333333336
"Mr. Trash Wheel",458,"March",2014,"2021-03-25",2.72,15,720,280,2800,20,320,420,14,45.333333333333336
"Mr. Trash Wheel",459,"March",2014,"2021-03-25",3.34,15,800,240,2700,4,180,380,6,55.666666666666664
"Mr. Trash Wheel",460,"March",2014,"2021-03-27",3.64,15,2200,750,3000,24,540,740,14,60.666666666666664
"Mr. Trash Wheel",461,"March",2014,"2021-03-27",2.95,15,1600,880,4200,12,480,890,20,49.166666666666664
"Mr. Trash Wheel",462,"March",2014,"2021-03-27",2.34,15,1000,280,2400,0,400,960,12,39
"Mr. Trash Wheel",463,"March",2014,"2021-03-31",2.55,15,3000,720,3600,21,720,1200,21,42.5
"Mr. Trash Wheel",464,"April",2014,"2021-04-13",3.5,15,2700,1400,4400,12,810,1050,14,58.333333333333336
"Mr. Trash Wheel",465,"May",2014,"2021-05-06",5.03,15,2300,840,5000,28,640,980,18,83.83333333333333
"Mr. Trash Wheel",466,"May",2014,"2021-05-06",3.9,15,1900,560,3900,14,590,1010,26,65
"Mr. Trash Wheel",467,"May",2014,"2021-05-28",3.66,15,5800,600,5400,20,700,880,30,61
"Mr. Trash Wheel",468,"May",2014,"2021-05-28",3.69,15,1800,440,3400,22,540,980,14,61.5
"Mr. Trash Wheel",469,"June",2014,"2021-06-01",3.77,15,2200,480,4000,12,400,600,18,49.166666666666664
"Mr. Trash Wheel",470,"June",2014,"2021-06-01",4.27,15,3400,360,5400,28,720,1000,20,71.16666666666667
"Mr. Trash Wheel",471,"June",2014,"2021-06-04",3.03,15,4400,480,4800,34,720,980,22,50.5
"Mr. Trash Wheel",472,"June",2014,"2021-06-11",3.83,15,3400,660,6000,22,560,800,21,63.833333333333336
"Mr. Trash Wheel",473,"June",2014,"2021-06-11",3.3,15,2500,360,4400,18,320,720,12,55
"Mr. Trash Wheel",474,"June",2014,"2021-06-11",3.9,15,1600,290,2800,16,300,540,14,65
"Mr. Trash Wheel",475,"June",2014,"2021-06-12",2.78,15,1200,250,2700,10,320,360,8,46.333333333333336
"Mr. Trash Wheel",476,"June",2014,"2021-06-12",2.67,15,1040,200,2700,12,480,320,10,44.5
"Mr. Trash Wheel",477,"June",2014,"2021-06-15",3.58,15,4400,640,5000,30,600,1080,28,59.666666666666664
"Mr. Trash Wheel",478,"July",2014,"2021-07-02",4.5,15,4800,720,6200,32,810,1200,30,75
"Mr. Trash Wheel",479,"July",2014,"2021-07-02",3.91,15,1800,180,2900,21,300,600,12,65.16666666666667
"Mr. Trash Wheel",480,"July",2014,"2021-07-14",1.32,15,3600,640,4800,16,440,840,18,22
"Mr. Trash Wheel",481,"August",2014,"2021-08-03",2.31,15,3000,340,4800,24,320,480,18,38.5
"Mr. Trash Wheel",482,"August",2014,"2021-08-12",3.66,15,4200,540,5400,28,680,1100,28,61
"Mr. Trash Wheel",483,"August",2014,"2021-08-12",2.07,15,1400,120,2400,12,180,940,8,34.5
"Mr. Trash Wheel",484,"August",2014,"2021-08-16",3.8,15,2800,340,3400,16,290,800,12,63.333333333333336
"Mr. Trash Wheel",485,"August",2014,"2021-08-16",3.97,15,1800,140,2400,10,200,540,12,66.16666666666667
"Mr. Trash Wheel",486,"August",2014,"2021-08-20",5.2,15,3400,660,4200,24,480,960,24,86.66666666666667
"Mr. Trash Wheel",487,"September",2014,"2021-09-01",2,15,2600,420,5200,20,220,640,18,33.333333333333336
"Mr. Trash Wheel",488,"September",2014,"2021-09-02",1.66,15,3300,510,4900,22,340,1010,14,27.666666666666668
"Mr. Trash Wheel",489,"September",2014,"2021-09-02",2.18,15,4100,680,5400,12,280,940,20,36.333333333333336
"Mr. Trash Wheel",490,"September",2014,"2021-09-03",4.01,15,1800,350,3800,18,180,690,10,66.83333333333333
"Mr. Trash Wheel",491,"September",2014,"2021-09-15",2.9,15,3500,480,4900,24,200,1050,28,48.333333333333336
"Mr. Trash Wheel",492,"September",2014,"2021-09-24",4.12,15,2900,500,3300,30,340,890,14,68.66666666666667
"Mr. Trash Wheel",493,"September",2014,"2021-09-24",4,15,850,100,1800,2,100,440,2,66.66666666666667
"Mr. Trash Wheel",494,"September",2014,"2021-09-24",2.92,15,680,180,2000,8,75,360,14,48.666666666666664
"Mr. Trash Wheel",495,"October",2014,"2021-10-26",3.38,15,3100,380,4500,18,180,980,22,56.333333333333336
"Mr. Trash Wheel",496,"October",2014,"2021-10-26",3.81,15,1750,400,4800,30,220,740,12,63.5
"Mr. Trash Wheel",497,"October",2014,"2021-10-26",2.61,15,980,120,2800,16,140,1000,20,43.5
"Mr. Trash Wheel",498,"November",2014,"2021-11-01",3.02,15,2800,400,5500,24,240,880,32,50.333333333333336
"Mr. Trash Wheel",499,"November",2014,"2021-11-01",2.54,15,1200,320,3000,12,150,400,2,42.333333333333336
"Mr. Trash Wheel",500,"November",2014,"2021-11-01",3.09,15,840,240,1400,4,80,280,6,51.5
"Mr. Trash Wheel",501,"November",2014,"2021-11-01",3.73,15,1040,250,2200,11,100,320,18,62.166666666666664
"Mr. Trash Wheel",502,"November",2014,"2021-11-01",3.89,15,500,75,1500,10,110,460,4,64.83333333333333
"Mr. Trash Wheel",503,"November",2014,"2021-11-02",3.9,15,800,100,1800,6,75,380,8,65
"Mr. Trash Wheel",504,"November",2014,"2021-11-02",3.72,15,640,140,2000,12,100,500,2,62
"Mr. Trash Wheel",505,"November",2014,"2021-11-02",2.66,15,900,150,1000,4,50,250,1,44.333333333333336
"Mr. Trash Wheel",506,"November",2014,"2021-11-03",3.55,15,660,95,2800,24,100,375,20,59.166666666666664
"Mr. Trash Wheel",507,"November",2014,"2021-11-03",2.8,15,750,150,1400,15,190,550,16,46.666666666666664
"Mr. Trash Wheel",508,"November",2014,"2021-11-13",3.22,15,3800,450,4800,32,175,640,28,53.666666666666664
"Mr. Trash Wheel",509,"December",2014,"2021-12-07",1.9,15,2900,290,4200,20,200,840,32,31.666666666666668
"Mr. Trash Wheel",510,"December",2014,"2021-12-31",1.83,15,1800,320,3900,28,180,800,12,30.5
"Mr. Trash Wheel",511,"January",2014,"2022-01-05",2.2,15,2700,220,5100,34,200,610,15,36.666666666666664
"Mr. Trash Wheel",512,"January",2014,"2022-01-18",2.99,15,4200,520,4000,40,480,500,20,49.833333333333336
"Mr. Trash Wheel",513,"January",2014,"2022-01-18",3.12,15,3000,325,3300,11,190,900,30,52
"Mr. Trash Wheel",514,"January",2014,"2022-01-19",2.86,15,1200,80,2200,10,140,400,12,47.666666666666664
"Mr. Trash Wheel",515,"January",2014,"2022-01-19",2.72,15,600,70,1000,13,24,180,4,45.333333333333336
"Mr. Trash Wheel",517,"March",2014,"2022-03-11",2.15,15,4400,210,5200,30,140,500,28,35.833333333333336
"Mr. Trash Wheel",516,"February",2014,"2022-02-21",2.71,15,3100,220,4400,28,110,650,36,45.166666666666664
"Mr. Trash Wheel",518,"March",2014,"2022-03-25",4.66,15,2800,140,3300,18,80,550,36,77.66666666666667
"Mr. Trash Wheel",519,"March",2014,"2022-03-25",2.35,15,1100,100,3000,24,100,600,12,39.166666666666664
"Mr. Trash Wheel",520,"April",2014,"2022-04-02",2.75,15,3400,240,4800,34,81,800,18,45.833333333333336
"Mr. Trash Wheel",521,"April",2014,"2022-04-07",2.59,15,2800,200,5000,10,120,540,21,43.166666666666664
"Mr. Trash Wheel",522,"April",2014,"2022-04-07",3.7,15,800,64,1200,6,50,350,2,61.666666666666664
"Mr. Trash Wheel",523,"April",2014,"2022-04-07",2.61,15,1800,110,2300,20,120,460,14,43.5
"Mr. Trash Wheel",524,"April",2014,"2022-04-08",3.97,15,540,50,900,4,64,240,0,66.16666666666667
"Mr. Trash Wheel",525,"April",2014,"2022-04-29",4.51,15,3300,300,4200,34,140,640,20,75.16666666666667
"Mr. Trash Wheel",526,"May",2014,"2022-05-11",2.83,15,2800,220,3600,22,180,780,30,47.166666666666664
"Mr. Trash Wheel",527,"May",2014,"2022-05-11",4.14,15,900,48,1200,8,80,580,8,69
"Mr. Trash Wheel",528,"May",2014,"2022-05-17",3.21,15,2100,110,5000,24,140,900,28,53.5
"Mr. Trash Wheel",529,"May",2014,"2022-05-24",3.83,15,3200,200,6200,40,120,1000,40,63.833333333333336
"Mr. Trash Wheel",530,"May",2014,"2022-05-31",3.97,15,1440,75,3600,22,80,440,14,66.16666666666667
"Mr. Trash Wheel",531,"May",2014,"2022-05-31",4.02,15,800,50,1800,10,64,320,6,66.99999999999999
"Mr. Trash Wheel",532,"May",2014,"2022-05-31",3.76,15,540,110,1100,4,50,450,12,62.666666666666664
"Mr. Trash Wheel",533,"June",2014,"2022-06-01",3.18,15,2900,420,3800,12,240,1100,9,53
"Mr. Trash Wheel",534,"June",2014,"2022-06-10",4.02,15,2000,340,2900,8,320,880,20,66.99999999999999
"Mr. Trash Wheel",535,"June",2014,"2022-06-10",3.36,15,960,120,1500,14,96,640,10,56
"Mr. Trash Wheel",536,"June",2014,"2022-06-11",1.64,10,3200,290,4200,9,380,1000,6,27.333333333333332
"Mr. Trash Wheel",537,"June",2014,"2022-06-11",3.76,15,1250,100,2100,24,200,960,18,62.666666666666664
"Mr. Trash Wheel",538,"June",2014,"2022-06-29",1.97,15,2900,360,3200,12,400,840,14,32.833333333333336
"Mr. Trash Wheel",539,"June",2014,"2022-06-29",3.96,15,2100,240,4800,20,360,1200,21,66
"Mr. Trash Wheel",540,"July",2014,"2022-07-05",3.77,15,3600,320,5000,12,330,1400,18,62.833333333333336
"Mr. Trash Wheel",541,"July",2014,"2022-07-05",3.25,15,1400,120,3600,22,280,980,30,54.166666666666664
"Mr. Trash Wheel",542,"July",2014,"2022-07-15",2.75,15,3900,200,4200,21,210,1200,18,45.833333333333336
"Mr. Trash Wheel",543,"July",2014,"2022-07-18",2.7,15,3000,240,4400,24,270,1100,12,45
"Mr. Trash Wheel",544,"July",2014,"2022-07-18",3.39,15,1800,96,2800,4,120,980,10,56.5
"Mr. Trash Wheel",545,"July",2014,"2022-07-21",2.82,15,2700,180,3800,10,200,860,21,47
"Mr. Trash Wheel",546,"July",2014,"2022-07-27",2.03,15,2400,120,4400,28,360,1500,24,33.83333333333333
"Mr. Trash Wheel",547,"July",2014,"2022-07-29",1.69,13,2900,210,4900,16,290,900,12,28.166666666666668
"Mr. Trash Wheel",548,"August",2014,"2022-08-09",2.84,15,1400,280,3500,12,140,750,20,47.333333333333336
"Mr. Trash Wheel",549,"August",2014,"2022-08-19",2.25,15,3900,340,5500,20,200,1100,30,37.5
"Mr. Trash Wheel",550,"September",2014,"2022-09-09",3.09,15,4200,390,4800,10,180,960,21,51.5
"Mr. Trash Wheel",551,"September",2014,"2022-09-13",3.67,15,2800,120,4200,12,150,1000,36,61.166666666666664
"Mr. Trash Wheel",552,"September",2014,"2022-09-14",3.64,15,1900,200,6300,8,80,1260,14,60.666666666666664
"Mr. Trash Wheel",553,"September",2014,"2022-09-14",3.78,15,960,75,2900,11,100,660,8,63
"Mr. Trash Wheel",554,"September",2014,"2022-09-14",3.69,15,640,50,1800,24,140,500,6,61.5
"Mr. Trash Wheel",555,"September",2014,"2022-09-15",3.88,15,750,84,2200,9,72,480,18,64.66666666666667
"Mr. Trash Wheel",556,"September",2014,"2022-09-15",4.18,15,500,48,1800,10,84,360,5,69.66666666666667
"Mr. Trash Wheel",557,"October",2014,"2022-10-07",2.73,14,3500,280,4900,21,210,1000,21,45.5
"Mr. Trash Wheel",558,"October",2014,"2022-10-07",4.39,15,2900,320,5500,36,180,1360,18,73.16666666666667
"Professor Trash Wheel",1,"January",2017,"2017-01-02",1.79,15,1950,6080,19700,8,3100,15600,..,29.833333333333332
"Professor Trash Wheel",2,"January",2017,"2017-01-30",1.58,15,9540,11230,17600,14,5630,16700,..,26.333333333333332
"Professor Trash Wheel",3,"February",2017,"2017-02-26",2.32,18,8350,9210,12000,19,6430,12400,..,38.666666666666664
"Professor Trash Wheel",4,"February",2017,"2017-02-26",3.72,15,8590,1030,13000,21,5870,11030,..,62
"Professor Trash Wheel",5,"February",2017,"2017-02-28",1.45,15,7830,9950,16000,18,7450,15340,..,24.166666666666668
"Professor Trash Wheel",6,"March",2017,"2017-03-30",1.71,15,8210,10340,14000,23,9560,13470,..,28.5
"Professor Trash Wheel",7,"April",2017,"2017-04-01",1.82,15,9830,11020,17000,26,11500,18620,..,30.333333333333332
"Professor Trash Wheel",8,"April",2017,"2017-04-20",2.37,15,9240,8760,15000,14,9970,14670,..,39.5
"Professor Trash Wheel",9,"May",2017,"2017-05-10",2.64,15,9540,8810,17000,28,12340,16580,..,44
"Professor Trash Wheel",10,"May",2017,"2017-05-26",2.78,15,8230,7800,13000,22,13450,17220,..,46.333333333333336
"Professor Trash Wheel",11,"June",2017,"2017-06-20",2.34,15,7540,8260,14000,12,10320,15430,..,39
"Professor Trash Wheel",12,"July",2017,"2017-07-17",1.63,15,8490,8230,16000,24,8870,10400,..,27.166666666666668
"Professor Trash Wheel",13,"July",2017,"2017-07-17",2.37,15,9610,9480,19000,27,13400,15200,..,39.5
"Professor Trash Wheel",14,"July",2017,"2017-07-28",1.69,15,7960,7650,12000,17,9540,12400,..,28.166666666666668
"Professor Trash Wheel",15,"August",2017,"2017-08-04",2.93,15,8870,8530,21000,32,11600,16500,..,48.833333333333336
"Professor Trash Wheel",16,"August",2017,"2017-08-31",1.21,15,7420,7280,15000,18,9710,13200,..,20.166666666666668
"Professor Trash Wheel",17,"September",2017,"2017-09-07",1.47,15,8250,7860,14000,24,8940,12500,..,24.5
"Professor Trash Wheel",18,"November",2017,"2017-11-17",0.75,8,8472,11528,33320,0,656,5392,..,12.5
"Professor Trash Wheel",19,"January",2018,"2018-01-15",0.99,15,7530,9240,22400,6,940,7650,..,16.5
"Professor Trash Wheel",20,"February",2018,"2018-02-05",1.58,15,2340,3780,24000,4,1870,16500,..,26.333333333333332
"Professor Trash Wheel",21,"February",2018,"2018-02-21",1.23,15,2210,3560,21000,3,1750,16700,..,20.5
"Professor Trash Wheel",22,"March",2018,"2018-03-30",2.32,15,2670,3750,26000,4,1890,20100,..,38.666666666666664
"Professor Trash Wheel",23,"April",2018,"2018-04-13",1.73,6,657,1699,8380,0,631,5960,..,28.833333333333332
"Professor Trash Wheel",24,"April",2018,"2018-04-16",1.78,12,2290,2630,19000,3,1520,14300,..,29.666666666666668
"Professor Trash Wheel",25,"April",2018,"2018-04-20",1.98,15,2110,2560,18000,2,1760,16700,..,33
"Professor Trash Wheel",26,"April",2018,"2018-04-26",1.37,12,7340,9870,25000,1,980,6750,..,22.833333333333332
"Professor Trash Wheel",27,"May",2018,"2018-05-31",1.85,15,9230,8950,28000,2,850,7340,..,30.833333333333332
"Professor Trash Wheel",28,"June",2018,"2018-06-03",2.84,15,1020,9230,25000,4,1120,8230,..,47.333333333333336
"Professor Trash Wheel",29,"June",2018,"2018-06-09",1.3,15,900,8560,28000,3,750,7650,..,21.666666666666668
"Professor Trash Wheel",30,"June",2018,"2018-06-21",1.81,15,1140,9900,21000,4,890,8340,..,30.166666666666668
"Professor Trash Wheel",31,"July",2018,"2018-07-03",1.66,15,1350,8560,18000,3,950,9460,..,27.666666666666668
"Professor Trash Wheel",32,"July",2018,"2018-07-18",2.12,15,1200,7810,27000,6,790,10200,..,35.333333333333336
"Professor Trash Wheel",33,"July",2018,"2018-07-23",1.23,15,1090,8230,25000,3,910,8760,..,20.5
"Professor Trash Wheel",34,"July",2018,"2018-07-28",1.8,15,920,7340,23000,1,890,9210,..,30
"Professor Trash Wheel",35,"August",2018,"2018-08-14",2.46,15,3150,4330,18000,14,1120,8800,..,41
"Professor Trash Wheel",36,"September",2018,"2018-09-01",1.58,15,6970,2450,14000,9,1300,12780,..,26.333333333333332
"Professor Trash Wheel",37,"September",2018,"2018-09-16",0.97,15,9100,4500,9000,4,750,7800,..,16.166666666666668
"Professor Trash Wheel",38,"October",2018,"2018-10-15",1.57,15,8400,4400,11000,9,1240,10400,..,26.166666666666668
"Professor Trash Wheel",39,"November",2018,"2018-11-04",2.41,15,6500,5500,8000,12,3600,5800,..,40.166666666666664
"Professor Trash Wheel",40,"November",2018,"2018-11-19",3.18,15,4400,4900,7400,14,4300,6800,..,53
"Professor Trash Wheel",41,"November",2018,"2018-11-30",2.28,15,3600,6050,11000,6,1800,8750,..,38
"Professor Trash Wheel",42,"November",2018,"2018-12-29",1.77,15,4000,7800,13000,10,5000,4300,..,29.5
"Professor Trash Wheel",43,"February",2019,"2019-02-12",1.88,15,3700,5500,9000,5,1800,4300,..,31.333333333333332
"Professor Trash Wheel",44,"March",2019,"2019-03-07",0.73,8,4057,2398,11078,0,1337,14000,..,12.166666666666666
"Professor Trash Wheel",45,"March",2019,"2019-03-23",1.37,15,8800,7800,14000,6,2300,9800,..,22.833333333333332
"Professor Trash Wheel",46,"April",2019,"2019-04-13",2.59,15,6800,6000,8000,10,2800,7800,..,43.166666666666664
"Professor Trash Wheel",47,"April",2019,"2019-04-18",1.89,15,5900,6400,7500,8,1600,5500,..,31.5
"Professor Trash Wheel",48,"April",2019,"2019-04-30",2.58,15,7500,5300,10000,12,1050,4600,..,43
"Professor Trash Wheel",49,"May",2019,"2019-05-13",2.01,15,8000,8400,12400,18,1400,2900,..,33.49999999999999
"Professor Trash Wheel",50,"June",2019,"2019-06-12",1.91,15,4400,3800,9800,8,980,3900,..,31.833333333333332
"Professor Trash Wheel",51,"June",2019,"2019-06-17",1.1,15,6600,5800,8700,4,1400,5000,..,18.333333333333332
"Professor Trash Wheel",52,"July",2019,"2019-07-09",3.33,15,3800,2100,7400,12,980,3600,..,55.5
"Professor Trash Wheel",53,"August",2019,"2019-08-02",2.54,15,4800,2200,9600,12,1000,4200,..,42.333333333333336
"Professor Trash Wheel",54,"August",2019,"2019-08-24",2.52,15,4400,1480,8600,4,660,5400,..,42
"Professor Trash Wheel",55,"October",2019,"2019-10-18",2.02,15,5200,4200,8100,24,540,3200,..,33.666666666666664
"Professor Trash Wheel",56,"November",2019,"2019-11-23",1.81,15,6400,4000,7800,18,940,4200,..,30.166666666666668
"Professor Trash Wheel",57,"December",2019,"2019-12-06",1.76,15,5900,4800,8800,26,660,3900,..,29.333333333333332
"Professor Trash Wheel",58,"January",2020,"2020-01-16",0.94,15,4800,3800,9000,12,980,3800,..,15.666666666666666
"Professor Trash Wheel",59,"February",2020,"2020-02-10",1.71,15,5600,3000,12000,18,1040,4800,..,28.5
"Professor Trash Wheel",60,"March",2020,"2020-03-30",1.81,15,7200,3400,9800,8,800,6400,..,30.166666666666668
"Professor Trash Wheel",61,"April",2020,"2020-04-14",2.72,15,4400,3960,6000,27,1200,5800,..,45.333333333333336
"Professor Trash Wheel",62,"May",2020,"2020-05-08",1.61,15,5400,4100,7200,11,1000,5600,..,26.833333333333332
"Professor Trash Wheel",63,"June",2020,"2020-06-06",2.43,15,4800,3200,6300,20,780,4800,..,40.5
"Professor Trash Wheel",64,"June",2020,"2020-06-19",2.29,15,6700,3600,8200,9,720,5400,..,38.166666666666664
"Professor Trash Wheel",65,"July",2020,"2020-07-02",1.97,15,6000,4000,7000,11,670,5300,..,32.833333333333336
"Professor Trash Wheel",66,"July",2020,"2020-07-24",1.52,15,6800,2950,6400,8,980,6050,..,25.333333333333332
"Professor Trash Wheel",67,"August",2020,"2020-08-03",0.61,12,5950,3600,8000,12,1050,4400,..,10.166666666666666
"Professor Trash Wheel",68,"September",2020,"2020-09-14",1.18,15,7200,4200,8800,24,1200,5100,..,19.666666666666668
"Professor Trash Wheel",69,"October",2020,"2020-10-30",1.82,15,6400,4200,7200,18,2200,3800,..,30.333333333333332
"Professor Trash Wheel",70,"December",2020,"2020-12-01",2.79,15,5300,3100,9900,9,1480,5400,..,46.5
"Professor Trash Wheel",71,"January",2021,"2021-01-04",1.68,15,4900,3000,10500,14,980,7200,..,28
"Professor Trash Wheel",72,"February",2021,"2021-02-17",1.21,15,4400,1200,7200,21,1420,4900,..,20.166666666666668
"Professor Trash Wheel",73,"March",2021,"2021-03-27",2.48,15,5000,1800,6800,18,840,4000,..,41.333333333333336
"Professor Trash Wheel",74,"May",2021,"2021-05-04",2.49,15,4900,1000,8000,30,1800,4800,..,41.5
"Professor Trash Wheel",75,"May",2021,"2021-05-08",2.57,15,4800,1200,7600,12,1480,5400,..,42.833333333333336
"Professor Trash Wheel",76,"May",2021,"2021-05-28",1.96,15,5800,960,8400,14,1900,5400,..,32.666666666666664
"Professor Trash Wheel",77,"June",2021,"2021-06-11",2.91,15,3600,800,6000,21,1500,6400,..,48.5
"Professor Trash Wheel",78,"July",2021,"2021-07-02",2.33,15,4200,1100,6400,24,1480,4900,..,38.833333333333336
"Professor Trash Wheel",79,"July",2021,"2021-07-14",2.58,15,5000,980,9200,21,1000,7200,..,43
"Professor Trash Wheel",80,"August",2021,"2021-08-03",3.34,15,5400,960,6200,18,1200,8400,..,55.666666666666664
"Professor Trash Wheel",81,"August",2021,"2021-08-18",3.18,15,6400,1000,8400,12,980,7000,..,53
"Professor Trash Wheel",82,"August",2021,"2021-08-20",1.99,15,4000,880,6400,24,1400,5800,..,33.166666666666664
"Professor Trash Wheel",83,"September",2021,"2021-09-01",3.18,15,4300,1100,5400,36,2100,3900,..,53
"Professor Trash Wheel",84,"September",2021,"2021-09-24",1.99,15,5100,900,6000,28,880,4400,..,33.166666666666664
"Professor Trash Wheel",85,"November",2021,"2021-11-03",1.5,15,3900,750,7200,20,960,6400,..,25
"Professor Trash Wheel",86,"January",2022,"2022-01-05",1.32,15,2700,300,5300,38,340,3200,..,22
"Professor Trash Wheel",87,"February",2022,"2022-02-21",0.93,10,3000,420,4200,48,280,5400,..,15.5
"Professor Trash Wheel",88,"March",2022,"2022-03-25",2.01,15,4100,380,6400,20,380,4900,..,33.49999999999999
"Professor Trash Wheel",89,"April",2022,"2022-04-07",2.61,15,3900,280,6900,34,290,3800,..,43.5
"Professor Trash Wheel",90,"May",2022,"2022-05-05",3.46,15,4400,500,7200,40,380,5500,..,57.666666666666664
"Professor Trash Wheel",91,"June",2022,"2022-06-10",2.76,15,4900,420,5600,22,440,2900,..,46
"Professor Trash Wheel",92,"June",2022,"2022-06-21",2.41,10,3600,300,6000,32,270,3300,..,40.166666666666664
"Professor Trash Wheel",93,"July",2022,"2022-07-05",2.43,15,4500,400,5400,24,320,4900,..,40.5
"Professor Trash Wheel",94,"July",2022,"2022-07-18",2.98,15,5000,320,6400,30,270,5100,..,49.666666666666664
"Professor Trash Wheel",95,"August",2022,"2022-08-19",2.5,15,5400,480,6200,21,210,3200,..,41.666666666666664
"Professor Trash Wheel",96,"September",2022,"2022-09-09",1.97,10,3400,270,4200,18,180,4200,..,32.833333333333336
"Professor Trash Wheel",97,"September",2022,"2022-09-15",3.49,15,4800,240,5000,36,220,5600,..,58.166666666666664
"Professor Trash Wheel",98,"October",2022,"2022-10-07",1.32,15,3800,180,4800,14,140,3900,..,22
"Captain Trash Wheel",1,"June",2018,"2018-06-30",0.96,10,1150,940,8200,..,1420,..,..,16
"Captain Trash Wheel",2,"July",2018,"2018-07-19",1.47,10,2320,1380,7400,..,1810,..,..,24.5
"Captain Trash Wheel",3,"July",2018,"2018-07-23",3.19,10,3450,1160,9600,..,2220,..,..,53.166666666666664
"Captain Trash Wheel",4,"August",2018,"2018-08-08",1.11,10,1490,840,5100,..,1130,..,..,18.5
"Captain Trash Wheel",5,"October",2018,"2018-10-15",1.44,10,920,940,6400,..,2100,..,..,24
"Captain Trash Wheel",6,"December",2018,"2018-12-14",0.66,8,1010,650,3500,..,920,..,..,11
"Captain Trash Wheel",7,"March",2019,"2019-03-07",0.98,8,680,940,2100,..,1200,..,..,16.333333333333332
"Captain Trash Wheel",8,"April",2019,"2019-04-24",1.8,10,1800,750,4200,..,1650,..,..,30
"Captain Trash Wheel",9,"May",2019,"2019-05-31",2.17,10,2700,1050,4700,..,1900,..,..,36.166666666666664
"Captain Trash Wheel",10,"August",2019,"2019-08-08",1.21,9,950,680,2800,..,1450,..,..,20.166666666666668
"Captain Trash Wheel",11,"November",2019,"2019-11-04",1.23,10,103,3100,1800,..,4200,..,..,20.5
"Captain Trash Wheel",12,"January",2020,"2020-01-30",0.82,8,1850,950,3300,..,1480,..,..,13.666666666666666
"Captain Trash Wheel",13,"April",2020,"2020-04-23",0.84,10,1200,1100,2100,..,2050,..,..,14
"Captain Trash Wheel",14,"June",2020,"2020-06-12",1.18,10,1050,750,1800,..,1500,..,..,19.666666666666668
"Captain Trash Wheel",15,"August",2020,"2020-08-03",0.68,8,1860,940,3100,..,1040,..,..,11.333333333333334
"Captain Trash Wheel",16,"August",2020,"2020-08-18",1.08,10,1180,780,4800,..,2020,..,..,18
"Captain Trash Wheel",17,"November",2020,"2020-11-13",1.19,10,1050,580,3700,..,1100,..,..,19.833333333333332
"Captain Trash Wheel",18,"January",2021,"2021-01-04",1.2,10,1420,840,4200,..,1400,..,..,20
"Captain Trash Wheel",19,"April",2021,"2021-04-15",1.22,10,1800,740,2400,..,1500,..,..,20.333333333333332
"Captain Trash Wheel",20,"June",2021,"2021-06-15",1.61,10,1500,340,3600,..,1250,..,..,26.833333333333332
"Captain Trash Wheel",21,"July",2021,"2021-07-21",1.12,10,1200,300,3200,..,1000,..,..,18.666666666666668
"Captain Trash Wheel",22,"September",2021,"2021-09-02",1,10,860,280,2400,..,980,..,..,16.666666666666668
"Captain Trash Wheel",23,"October",2021,"2021-10-28",1.01,10,640,320,2900,..,850,..,..,16.833333333333332
"Captain Trash Wheel",24,"March",2022,"2022-03-25",1.2,10,1400,200,3200,..,1300,..,..,20
"Captain Trash Wheel",25,"June",2022,"2022-06-22",1.09,10,980,240,2800,..,1100,..,..,18.166666666666668
"Captain Trash Wheel",26,"October",2022,"2022-10-12",1.05,10,2100,320,3900,..,880,..,..,17.5
"Gwynnda Trash Wheel",1,"July",2021,"2021-07-03",0.93,15,1200,..,3400,..,1800,..,..,15.5
"Gwynnda Trash Wheel",2,"July",2021,"2021-07-07",2.26,15,2000,..,3900,..,2200,..,..,37.666666666666664
"Gwynnda Trash Wheel",3,"July",2021,"2021-07-07",1.62,15,1800,..,2900,..,2400,..,..,27
"Gwynnda Trash Wheel",4,"July",2021,"2021-07-16",1.76,15,1000,..,2100,..,1800,..,..,29.333333333333332
"Gwynnda Trash Wheel",5,"July",2021,"2021-07-30",1.53,15,2100,..,4000,..,2700,..,..,25.5
"Gwynnda Trash Wheel",6,"August",2021,"2021-08-11",2.06,15,2400,..,3900,..,3000,..,..,34.333333333333336
"Gwynnda Trash Wheel",7,"August",2021,"2021-08-14",1.9,15,2700,..,4200,..,3200,..,..,25.5
"Gwynnda Trash Wheel",8,"August",2021,"2021-08-16",2.16,15,3000,..,4000,..,3600,..,..,36
"Gwynnda Trash Wheel",9,"August",2021,"2021-08-16",2.6,15,980,..,1800,..,1000,..,..,43.333333333333336
"Gwynnda Trash Wheel",10,"August",2021,"2021-08-17",3.21,15,240,..,400,..,360,..,..,53.5
"Gwynnda Trash Wheel",11,"August",2021,"2021-08-17",2.44,15,840,..,1200,..,1500,..,..,40.666666666666664
"Gwynnda Trash Wheel",12,"August",2021,"2021-08-18",2.62,15,1800,..,3600,..,3000,..,..,43.666666666666664
"Gwynnda Trash Wheel",13,"August",2021,"2021-08-19",2.92,15,1000,..,3200,..,2400,..,..,48.666666666666664
"Gwynnda Trash Wheel",14,"August",2021,"2021-08-19",2.93,15,500,..,1200,..,1000,..,..,48.833333333333336
"Gwynnda Trash Wheel",15,"August",2021,"2021-08-20",3.31,15,12,..,400,..,320,..,..,55.166666666666664
"Gwynnda Trash Wheel",16,"August",2021,"2021-08-24",2.7,15,2400,..,3800,..,3200,..,..,45
"Gwynnda Trash Wheel",17,"August",2021,"2021-08-25",2.1,15,1000,..,2700,..,2200,..,..,35
"Gwynnda Trash Wheel",18,"September",2021,"2021-09-02",2.6,15,1800,..,2100,..,1200,..,..,43.333333333333336
"Gwynnda Trash Wheel",19,"September",2021,"2021-09-06",3.28,15,300,..,980,..,180,..,..,54.666666666666664
"Gwynnda Trash Wheel",20,"September",2021,"2021-09-10",2.89,15,2100,..,2700,..,1400,..,..,48.166666666666664
"Gwynnda Trash Wheel",21,"September",2021,"2021-09-18",2.49,15,2400,..,3200,..,900,..,..,41.5
"Gwynnda Trash Wheel",21,"September",2021,"2021-09-29",2.36,15,1200,..,2000,..,1200,..,..,39.333333333333336
"Gwynnda Trash Wheel",22,"October",2021,"2021-10-06",1.84,15,1800,..,2900,..,1000,..,..,30.666666666666668
"Gwynnda Trash Wheel",23,"October",2021,"2021-10-27",3.09,15,2100,..,3200,..,1400,..,..,51.5
"Gwynnda Trash Wheel",24,"October",2021,"2021-10-27",3.54,15,280,..,480,..,200,..,..,59
"Gwynnda Trash Wheel",25,"October",2021,"2021-10-27",2.25,15,480,..,1000,..,360,..,..,37.5
"Gwynnda Trash Wheel",26,"October",2021,"2021-10-29",3.38,15,150,..,800,..,100,..,..,56.333333333333336
"Gwynnda Trash Wheel",27,"October",2021,"2021-10-30",3.2,15,1400,..,2000,..,980,..,..,53.333333333333336
"Gwynnda Trash Wheel",28,"November",2021,"2021-11-01",3.71,15,980,..,1500,..,200,..,..,61.833333333333336
"Gwynnda Trash Wheel",29,"November",2021,"2021-11-01",4.06,15,40,..,200,..,40,..,..,67.66666666666666
"Gwynnda Trash Wheel",30,"November",2021,"2021-11-01",3.21,15,640,..,1200,..,480,..,..,53.5
"Gwynnda Trash Wheel",31,"November",2021,"2021-11-02",3.26,15,800,..,980,..,240,..,..,54.333333333333336
"Gwynnda Trash Wheel",32,"November",2021,"2021-11-02",3.95,15,1000,..,1800,..,400,..,..,65.83333333333333
"Gwynnda Trash Wheel",33,"November",2021,"2021-11-02",2.79,15,810,..,900,..,360,..,..,46.5
"Gwynnda Trash Wheel",34,"November",2021,"2021-11-02",3.02,15,500,..,1000,..,240,..,..,50.333333333333336
"Gwynnda Trash Wheel",35,"November",2021,"2021-11-03",2.97,15,1800,..,1800,..,300,..,..,49.5
"Gwynnda Trash Wheel",36,"November",2021,"2021-11-03",3,15,840,..,1500,..,180,..,..,50
"Gwynnda Trash Wheel",37,"November",2021,"2021-11-03",3.23,15,500,..,1200,..,100,..,..,53.833333333333336
"Gwynnda Trash Wheel",38,"November",2021,"2021-11-03",3.36,15,1500,..,2000,..,360,..,..,56
"Gwynnda Trash Wheel",39,"November",2021,"2021-11-04",3.57,15,480,..,980,..,240,..,..,59.5
"Gwynnda Trash Wheel",40,"November",2021,"2021-11-04",3.27,15,1000,..,1800,..,360,..,..,54.5
"Gwynnda Trash Wheel",41,"November",2021,"2021-11-04",3.43,15,1200,..,2000,..,480,..,..,57.166666666666664
"Gwynnda Trash Wheel",42,"November",2021,"2021-11-04",3.91,15,450,..,1200,..,320,..,..,65.16666666666667
"Gwynnda Trash Wheel",43,"November",2021,"2021-11-05",3.76,15,280,..,1000,..,240,..,..,62.666666666666664
"Gwynnda Trash Wheel",44,"November",2021,"2021-11-05",4.13,15,150,..,980,..,180,..,..,68.83333333333333
"Gwynnda Trash Wheel",45,"November",2021,"2021-11-05",4.08,15,0,..,0,..,0,..,..,68
"Gwynnda Trash Wheel",46,"November",2021,"2021-11-05",4.02,15,0,..,0,..,0,..,..,66.99999999999999
"Gwynnda Trash Wheel",47,"November",2021,"2021-11-13",3.63,15,2100,..,3200,..,2100,..,..,60.5
"Gwynnda Trash Wheel",48,"November",2021,"2021-11-23",2.59,15,1800,..,5000,..,2400,..,..,43.166666666666664
"Gwynnda Trash Wheel",49,"December",2022,"2021-12-02",1.51,15,1400,..,4200,..,1000,..,..,25.166666666666668
"Gwynnda Trash Wheel",50,"December",2022,"2021-12-15",1.68,15,980,..,3000,..,980,..,..,28
"Gwynnda Trash Wheel",51,"January",2022,"2022-01-05",2.78,15,3000,..,3600,..,1200,..,..,46.333333333333336
"Gwynnda Trash Wheel",52,"January",2022,"2022-01-17",2.53,15,2400,..,4800,..,2000,..,..,42.166666666666664
"Gwynnda Trash Wheel",53,"January",2022,"2022-01-18",2.53,15,1100,..,2800,..,1600,..,..,42.166666666666664
"Gwynnda Trash Wheel",54,"January",2022,"2022-01-18",3.08,15,340,..,800,..,300,..,..,51.333333333333336
"Gwynnda Trash Wheel",55,"January",2022,"2022-01-20",2.75,15,1200,..,3200,..,2400,..,..,45.833333333333336
"Gwynnda Trash Wheel",56,"March",2022,"2022-03-09",0.77,5,600,..,1000,..,640,..,..,12.833333333333334
"Gwynnda Trash Wheel",57,"March",2022,"2022-03-10",2.76,15,2300,..,4200,..,1800,..,..,46
"Gwynnda Trash Wheel",58,"March",2022,"2022-03-10",2.46,15,1200,..,2700,..,1000,..,..,41
"Gwynnda Trash Wheel",59,"March",2022,"2022-03-26",2.8,15,3000,..,4900,..,1600,..,..,46.666666666666664
"Gwynnda Trash Wheel",60,"April",2022,"2022-04-07",2.82,15,4200,..,6400,..,2100,..,..,47
"Gwynnda Trash Wheel",61,"April",2022,"2022-04-07",1.99,15,1800,..,3200,..,980,..,..,33.166666666666664
"Gwynnda Trash Wheel",62,"April",2022,"2022-04-08",2.78,15,980,..,2200,..,1250,..,..,46.333333333333336
"Gwynnda Trash Wheel",63,"April",2022,"2022-04-08",2.83,15,2100,..,3600,..,1200,..,..,47.166666666666664
"Gwynnda Trash Wheel",64,"April",2022,"2022-04-16",2.26,15,3200,..,5200,..,2200,..,..,37.666666666666664
"Gwynnda Trash Wheel",65,"April",2022,"2022-04-16",2.13,15,1050,..,2000,..,900,..,..,35.5
"Gwynnda Trash Wheel",66,"April",2022,"2022-04-29",2.19,15,2700,..,4900,..,2000,..,..,36.5
"Gwynnda Trash Wheel",67,"May",2022,"2022-05-07",2.12,15,980,..,3500,..,1050,..,..,35.333333333333336
"Gwynnda Trash Wheel",68,"May",2022,"2022-05-10",3.93,15,1400,..,4200,..,1850,..,..,65.5
"Gwynnda Trash Wheel",69,"May",2022,"2022-05-10",3.59,15,800,..,1900,..,1000,..,..,59.833333333333336
"Gwynnda Trash Wheel",70,"May",2022,"2022-05-11",3.27,15,640,..,900,..,500,..,..,54.5
"Gwynnda Trash Wheel",71,"May",2022,"2022-05-12",3.22,15,240,..,500,..,200,..,..,53.666666666666664
"Gwynnda Trash Wheel",72,"May",2022,"2022-05-19",3.39,15,2100,..,3600,..,1300,..,..,56.5
"Gwynnda Trash Wheel",73,"May",2022,"2022-05-26",2.67,15,2800,..,4900,..,2000,..,..,44.5
"Gwynnda Trash Wheel",74,"June",2022,"2022-06-01",3.68,15,1600,..,3200,..,980,..,..,61.333333333333336
"Gwynnda Trash Wheel",75,"June",2022,"2022-06-01",2.95,15,1200,..,2100,..,420,..,..,49.166666666666664
"Gwynnda Trash Wheel",76,"June",2022,"2022-06-10",3,15,2200,..,3200,..,1200,..,..,50
"Gwynnda Trash Wheel",77,"June",2022,"2022-06-10",2.34,15,980,..,1000,..,560,..,..,39
"Gwynnda Trash Wheel",78,"June",2022,"2022-06-11",3.23,15,540,..,900,..,440,..,..,53.833333333333336
"Gwynnda Trash Wheel",79,"June",2022,"2022-06-11",3.07,15,320,..,980,..,360,..,..,51.166666666666664
"Gwynnda Trash Wheel",80,"June",2022,"2022-06-11",3.74,15,270,..,480,..,200,..,..,62.333333333333336
"Gwynnda Trash Wheel",81,"June",2022,"2022-06-13",3.39,15,1200,..,1400,..,360,..,..,56.5
"Gwynnda Trash Wheel",82,"June",2022,"2022-06-13",3.49,15,360,..,800,..,240,..,..,58.166666666666664
"Gwynnda Trash Wheel",83,"June",2022,"2022-06-13",3.4,15,120,..,480,..,180,..,..,56.666666666666664
"Gwynnda Trash Wheel",84,"June",2022,"2022-06-13",3.69,15,480,..,880,..,200,..,..,61.5
"Gwynnda Trash Wheel",85,"June",2022,"2022-06-14",3.55,15,0,..,0,..,0,..,..,59.166666666666664
"Gwynnda Trash Wheel",86,"June",2022,"2022-06-29",1,10,2400,..,2700,..,250,..,..,16.666666666666668
"Gwynnda Trash Wheel",87,"July",2022,"2022-07-05",3.23,15,3200,..,4900,..,1600,..,..,53.833333333333336
"Gwynnda Trash Wheel",88,"July",2022,"2022-07-05",3.08,15,2500,..,3700,..,1400,..,..,51.333333333333336
"Gwynnda Trash Wheel",89,"July",2022,"2022-07-06",3.07,15,1800,..,2200,..,720,..,..,51.166666666666664
"Gwynnda Trash Wheel",90,"July",2022,"2022-07-06",3.58,15,250,..,1000,..,240,..,..,59.666666666666664
"Gwynnda Trash Wheel",91,"July",2022,"2022-07-07",3.5,15,240,..,750,..,300,..,..,58.333333333333336
"Gwynnda Trash Wheel",92,"July",2022,"2022-07-07",3.09,15,640,..,1200,..,420,..,..,51.5
"Gwynnda Trash Wheel",93,"July",2022,"2022-07-07",3.56,15,180,..,500,..,240,..,..,59.333333333333336
"Gwynnda Trash Wheel",94,"July",2022,"2022-07-08",3.16,15,540,..,480,..,100,..,..,52.666666666666664
"Gwynnda Trash Wheel",95,"July",2022,"2022-07-08",4.18,15,0,..,0,..,0,..,..,69.66666666666667
"Gwynnda Trash Wheel",96,"July",2022,"2022-07-08",3.11,15,0,..,0,..,0,..,..,51.833333333333336
"Gwynnda Trash Wheel",97,"July",2022,"2022-07-15",2.83,15,2800,..,3200,..,1400,..,..,47.166666666666664
"Gwynnda Trash Wheel",98,"July",2022,"2022-07-18",2.82,15,1600,..,4000,..,900,..,..,47
"Gwynnda Trash Wheel",99,"July",2022,"2022-07-18",3.32,15,980,..,1200,..,640,..,..,55.333333333333336
"Gwynnda Trash Wheel",100,"July",2022,"2022-07-19",3.4,15,480,..,980,..,400,..,..,56.666666666666664
"Gwynnda Trash Wheel",101,"July",2022,"2022-07-19",3.68,15,720,..,1100,..,360,..,..,61.333333333333336
"Gwynnda Trash Wheel",102,"July",2022,"2022-07-19",3.5,15,0,..,0,..,0,..,..,58.333333333333336
"Gwynnda Trash Wheel",103,"July",2022,"2022-07-19",3.51,15,360,..,480,..,200,..,..,58.5
"Gwynnda Trash Wheel",104,"July",2022,"2022-07-21",3.29,15,2100,..,3600,..,950,..,..,54.833333333333336
"Gwynnda Trash Wheel",105,"July",2022,"2022-07-26",2.58,15,2900,..,4000,..,1500,..,..,43
"Gwynnda Trash Wheel",106,"August",2022,"2022-08-06",2.62,15,2100,..,3600,..,1600,..,..,43.666666666666664
"Gwynnda Trash Wheel",107,"August",2022,"2022-08-09",3.37,15,1800,..,2800,..,1000,..,..,56.166666666666664
"Gwynnda Trash Wheel",108,"September",2022,"2022-09-01",1.93,15,2900,..,3000,..,1100,..,..,32.166666666666664
"Gwynnda Trash Wheel",109,"September",2022,"2022-09-08",2.66,15,3200,..,3500,..,1400,..,..,44.333333333333336
"Gwynnda Trash Wheel",110,"September",2022,"2022-09-08",3.01,15,1800,..,2800,..,940,..,..,50.166666666666664
"Gwynnda Trash Wheel",111,"September",2022,"2022-09-10",3.78,15,1600,..,2100,..,1200,..,..,63
"Gwynnda Trash Wheel",112,"September",2022,"2022-09-14",3.4,15,2800,..,3400,..,1000,..,..,56.666666666666664
"Gwynnda Trash Wheel",113,"September",2022,"2022-09-15",3.19,15,1200,..,2000,..,920,..,..,53.166666666666664
"Gwynnda Trash Wheel",114,"September",2022,"2022-09-27",3.35,15,2100,..,2500,..,1200,..,..,55.833333333333336
"Gwynnda Trash Wheel",115,"October",2022,"2022-10-06",2.86,15,2500,..,3200,..,980,..,..,47.666666666666664
"Gwynnda Trash Wheel",116,"October",2022,"2022-10-17",2.87,15,1800,..,3900,..,1400,..,..,47.833333333333336
